Serial No,Job Title,Company Name,Job Location,Skills Required,Aggregated From,Date Posted,Type of Job,Salary Information,Miscellaneous Info
0,Android Developer,DPP Tech,San Francisco,"['Appium', 'Java', 'Kotlin']",via LinkedIn,3 days ago,Not Specified,Not Specified,Not Specified
1,"Staff Android Software Engineer, Mobile Observability",Square,San Francisco,"['SQLite', 'Datadog', 'Go', 'Snowflake', 'Java', 'JSON', 'Kotlin']",via ZipRecruiter,2 days ago,Not Specified,Not Specified,Not Specified
2,"Android Engineer, Payments",Stripe,San Francisco,"['API', 'Go', 'APIs']",via LinkedIn,Not Specified,Full–time,Not Specified,Not Specified
3,Android Developer (Java & Kotlin),MindPal,San Francisco,"['Java', 'Kotlin']",via LinkedIn,Not Specified,Full–time,Not Specified,Not Specified
4,Android Developer,360 IT Professionals,San Francisco,['n/a'],via ZipRecruiter,4 days ago,Not Specified,Not Specified,Not Specified
5,Android Software Engineer,Underdog.io,San Francisco,"['XML', 'SQL', 'Kubernetes', 'Java', 'Kotlin', 'Docker', 'AWS']",via LinkedIn,18 hours ago,Not Specified,Not Specified,Not Specified
6,Android Developer,Speridian Technologies,San Francisco,['API'],via Indeed,Not Specified,Full–time and Contractor,Not Specified,Not Specified
7,Android Developer,Cynet Systems,San Francisco,['Kotlin'],via ZipRecruiter,Not Specified,Full–time,Not Specified,Not Specified
8,Java Developer,BridgeNexus Technologies Inc,San Francisco,"['NoSQL', 'MongoDB', 'Java', 'JavaScript']",via Dice,3 days ago,Not Specified,Not Specified,Not Specified
9,Senior Android Developer,"Blingyt&e, Inc.",San Francisco,"['Kotlin', 'AWS']",via Jooble,Not Specified,Not Specified,Not Specified,Internship
10,Android Developer,Phlint,San Francisco,['Java'],via Indeed,Not Specified,Full–time,Not Specified,Not Specified
11,"Android Developer - San Francisco, CA",Georgia IT Inc.,San Francisco,"['MySQL', 'SQLite', 'Java']",via Monster,12 days ago,Not Specified,Not Specified,Not Specified
12,Software Engineer (Android),Dyneti Technologies,San Francisco,"['Python', 'Java']",via Y Combinator,Not Specified,Not Specified,$90T–$1.5L a year,Not Specified
13,Android Engineer,Sidecar,San Francisco,['Java'],via Jobvite,Not Specified,Full–time,Not Specified,Not Specified
14,Android Engineer,"VIDY, INC.",San Francisco,"['APIs', 'RESTful APIs']",via CareerBuilder,10 days ago,Not Specified,Not Specified,Not Specified
15,Android Developer,TekIntegral,San Francisco,"['API', 'React', 'APIs', 'Java', 'Kotlin', 'RESTful APIs']",via LinkedIn,21 days ago,Not Specified,Not Specified,Not Specified
16,Android Developers,Jobsbridge,San Francisco,"['HTML5', 'Java', 'JavaScript']",via ZipRecruiter,4 days ago,Not Specified,Not Specified,Not Specified
17,Senior Android Developer,Logic Loops,San Francisco,"['XML', 'SQL', 'Java', 'JSON', 'JavaScript']",via Glassdoor,1 month ago,Not Specified,Not Specified,Not Specified
18,Android Developer (Remote),Redfin,San Francisco,"['Jenkins', 'Java', 'Kotlin']",via San Francisco - Geebo,4 days ago,Not Specified,Not Specified,Not Specified
19,Android Developer,Raag Solutions,San Francisco,['API'],via Salary.com,19 days ago,Not Specified,Not Specified,Not Specified
20,Android Engineer,Instacart,San Francisco,"['Java', 'Kotlin']",via Y Combinator,Not Specified,Full–time,Not Specified,Not Specified
21,Senior Android Developer,Kovasys,San Francisco,['n/a'],via Indeed,Not Specified,Full–time,Not Specified,Not Specified
22,Android Developer (Java & Kotlin)-US,Zortech Solutions,San Francisco,"['API', 'Java', 'Kotlin', 'Less']",via LinkedIn,21 days ago,Not Specified,Not Specified,Not Specified
23,Android developer,BHO Tech,San Francisco,"['API', 'Machine Learning', 'Java']",via Talent.com,14 days ago,Not Specified,Not Specified,Not Specified
24,Android Developer- Mobile,Georgia IT Inc.,San Francisco,"['jQuery', 'XML', 'SQL', 'Java', 'JavaScript']",via Monster,12 days ago,Not Specified,Not Specified,Not Specified
25,Android Developer,Brielle Technologies,San Francisco,"['APIs', 'Java', 'Kotlin', 'RESTful APIs']",via Glassdoor,12 days ago,Not Specified,Not Specified,Not Specified
26,Android Developer,"Nytec, Inc.",San Francisco,['n/a'],via ZipRecruiter,2 days ago,Not Specified,Not Specified,Not Specified
27,Android Reverse Engineer,"Zachary Piper Solutions, LLC",San Francisco,"['Java', 'Kotlin', 'JavaScript']",via Dice,Not Specified,Not Specified,$1.7L a year,Not Specified
28,Senior Android Software Engineer,Perplexity AI,San Francisco,"['Databricks', 'Kotlin']",via Greenhouse,Not Specified,Full–time,Not Specified,Not Specified
29,Android developer,Omega Solutions Inc,San Francisco,"['Java', 'AWS']",via Lensa,9 days ago,Not Specified,Not Specified,Not Specified
30,Sr Android Developer,Diligente techonlogies,San Francisco,"['API', 'React', 'Java', 'Kotlin', 'JavaScript']",via Indeed,Not Specified,Not Specified,Not Specified,$90–$100 an hour
31,"Senior Staff Software Engineer, Android",100-SFDC Inc., Anywhere ,"['API', 'Kotlin']",via Workday,6 days ago,Not Specified,Not Specified,Not Specified
32,Android Engineer,Finix,San Francisco,"['API', 'APIs', 'Java', 'Kotlin']",via LinkedIn,18 days ago,Not Specified,Not Specified,Not Specified
33,Android Engineer,Aloft Technologies,San Francisco,"['API', 'Java', 'Kotlin']",via Jooble,Not Specified,Full–time,Not Specified,Not Specified
34,Sr. Android Developer,"Central Business Solutions, Inc",San Francisco,['Kotlin'],via Salary.com,Not Specified,Full–time,Not Specified,Not Specified
35,Android Developer,Georgia IT Inc.,San Francisco,['n/a'],via Monster,12 days ago,Not Specified,Not Specified,Not Specified
36,Android Developer,Stem Xpert,San Francisco,['Java'],via ZipRecruiter,5 days ago,Not Specified,Not Specified,Not Specified
37,Android developer,Resource Informatics Group,San Francisco,"['API', 'React', 'APIs', 'Java', 'Kotlin', 'RESTful APIs']",via Lensa,30 days ago,Not Specified,Not Specified,Not Specified
38,Senior Embedded Android Engineer,Stepping Up Solutions,San Francisco,"['TCP/IP', 'API', 'AWS']",via Smart Recruiters Jobs,Not Specified,Full–time,Not Specified,Not Specified
39,Staff Software Engineer - Android at Uber,Uber,San Francisco,['Java'],via Peerlist,Not Specified,Full–time,Not Specified,Not Specified
40,Android Developer -w2 role,Dice,San Jose,"['Java', 'Kotlin']",via LinkedIn,2 days ago,Not Specified,Not Specified,Not Specified
41,Android Developer,Samsung,San Jose,"['API', 'Java']",via ZipRecruiter,3 days ago,Not Specified,Not Specified,Not Specified
42,Android App Developer - EQUITY ONLY FOR NOW!,NERG,San Jose,"['Machine Learning', 'React', 'APIs', 'RESTful APIs']",via LinkedIn,3 days ago,Not Specified,Not Specified,Not Specified
43,Android developer,Logging-in,San Jose,"['API', 'Kotlin']",via OPTnation,Not Specified,Full–time,Not Specified,Not Specified
44,Android Developer,eTeam, Anywhere ,['Kotlin'],via ZipRecruiter,Not Specified,Work from home,Not Specified,Not Specified
45,"Developer Relations Engineer III, Android for ChromeOS",Google,San Jose,"['API', 'HTML5', 'APIs', 'Java', 'Kotlin']",via LinkedIn,5 days ago,Not Specified,Not Specified,Not Specified
46,Android Developer,Techspace Solutions,San Jose,"['Java', 'Kotlin']",via Indeed,Not Specified,Contractor and Temp work,Not Specified,Not Specified
47,Android Developer,BlueKarbon,San Jose,['n/a'],via Glassdoor,6 days ago,Not Specified,Not Specified,Not Specified
48,Senior Android Developer (Remote),Xgrid.co, Anywhere ,"['Jenkins', 'Jira', 'APIs', 'Ping']",via LinkedIn,26 days ago,Not Specified,Not Specified,Not Specified
49,Android Developer,Jobsbridge,San Jose,"['XML', 'APIs', 'Java', 'JSON']",via ZipRecruiter,4 days ago,Not Specified,Not Specified,Not Specified
50,Senior Android Developer,Nirvana Enterprises,San Jose,"['API', 'Data Modeling', 'APIs', 'Java', 'Kotlin', 'AWS']",via Indeed,Not Specified,Full–time,Not Specified,Not Specified
51,Android Developer,INTELLISWIFT INC,San Jose,['Java'],via ZipRecruiter,5 days ago,Not Specified,Not Specified,Not Specified
52,Senior Android Developer,Trackonomy, Anywhere ,"['Appium', 'Kotlin']",via Glassdoor,7 days ago,Not Specified,Not Specified,Not Specified
53,"Senior Software Engineer, Mobile (Android), Google TV",Google,San Jose,['Natural Language Processing'],via LinkedIn,2 days ago,Not Specified,Not Specified,Not Specified
54,Android Mobile Application Developer,Artisys Corporation,San Jose,"['SQLite', 'React', 'APIs', 'JUnit', 'Java', 'Kotlin', 'RESTful APIs']",via Salary.com,13 days ago,Not Specified,Not Specified,Not Specified
55,Sr. Android Developer,Tranzeal Incorporated,San Jose,"['APIs', 'Kotlin']",via Ladders,3 days ago,Not Specified,Not Specified,Not Specified
56,ios/ android developer,Dellfor Technologies,San Jose,"['React', 'Java']",via ZipRecruiter,6 days ago,Not Specified,Not Specified,Not Specified
57,"Android Developer at Mobile Programming LLC in San Jose, CA",Mobile Programming Llc,San Jose,"['APIs', 'Java', 'Kotlin']","via San Jose, CA - Geebo",2 days ago,Not Specified,Not Specified,Not Specified
58,Android Developer,"AppLab Systems, Inc.",San Jose,"['API', 'APIs', 'Java', 'Kotlin']",via ZipRecruiter,Not Specified,Full–time,Not Specified,Not Specified
59,Senior Android App Developer,"Tranzeal, Inc.",San Jose,"['Cucumber', 'API', 'Jenkins', 'Appium']",via Indeed,Not Specified,Contractor and Temp work,Not Specified,Not Specified
60,Senior - Senior Staff Android Engineer,Recruiting from Scratch,San Jose,['Kotlin'],via LinkedIn,Not Specified,Full–time,Not Specified,Not Specified
61,"Android Developer at Insight Global in San Jose, CA",Insight Global,San Jose,"['Go', 'APIs', 'GraphQL', 'Java', 'Kotlin']","via San Jose, CA - Geebo",15 hours ago,Not Specified,Not Specified,Not Specified
62,Sr.Android Engineer,PayPal,San Jose,['APIs'],via Enable America,Not Specified,Full–time,Not Specified,Not Specified
63,EMBEDDED ANDROID DEVELOPER WITH ANDROID NDK EXPERIENCE,USM,San Jose,"['TCP/IP', 'Data Warehousing', 'Java']",via Smart Recruiters Jobs,Not Specified,Temp work,Not Specified,Not Specified
64,"Entry Level, Mid-Level, Senior Mobile Developers (Android & iOS)",Adidev Technologies Inc,San Jose,"['API', 'SQLite', 'APIs', 'JUnit', 'Excel', 'Java', 'Kotlin', 'RESTful APIs']",via Indeed,23 days ago,Not Specified,Not Specified,Not Specified
65,Senior Android Developer,BayOne,San Jose,"['Java', 'Kotlin']",via ZipRecruiter,Not Specified,Full–time,Not Specified,Not Specified
66,Software Engineering Manager Android,Expoint,San Jose,"['Python', 'Java', 'JavaScript']",via Expoint,6 days ago,Not Specified,Not Specified,Not Specified
67,Android Engineer,Hireio,San Jose,['Java'],via Glassdoor,26 days ago,Not Specified,Not Specified,Not Specified
68,Android Engineer,Infoobjects Inc,San Jose,"['Go', 'APIs', 'Java', 'Kotlin']","via San Jose, CA - Geebo",3 days ago,Not Specified,Not Specified,Not Specified
69,Android developer,Maganti IT Resources LLC,San Jose,"['XML', 'HTML5', 'Go', 'Java', 'JSON']",via Smart Recruiters Jobs,Not Specified,Not Specified,Not Specified,Contractor
70,Sr. Android Developer,Tranzeal Incorporated,San Jose,"['APIs', 'Kotlin']",via LinkedIn,12 days ago,Not Specified,Not Specified,Not Specified
71,Android Test Automation Developer,QData,San Jose,"['Python', 'Java']",via OPTnation,Not Specified,Not Specified,Not Specified,Contractor
72,Junior Android Engineer,Patterned Learning Career,San Jose,"['API', 'Python', 'Keras', 'Angular', 'SQL', 'Kotlin', 'Flask', 'AWS']",via Salary.com,12 days ago,Not Specified,Not Specified,Not Specified
73,Senior Android Developer,Trackonomy,San Jose,"['Appium', 'Kotlin']",via Simplify,7 days ago,Not Specified,Not Specified,Not Specified
74,Sr. Android Application Developer,Ajmera infotech,San Jose,['Kotlin'],via Glassdoor,24 days ago,Not Specified,Not Specified,Not Specified
75,"Tech Lead Software Engineer (Android), TikTok Mobile Infrastructure",TikTok,San Jose,['APIs'],via The Muse,Not Specified,Full–time,Not Specified,Not Specified
76,Android Software Engineer,PayPal,San Jose,"['Go', 'Java']",via National Labor Exchange Veterans Jobs,Not Specified,Full–time,Not Specified,Not Specified
77,Mobile Application Developer,Tessolve,San Jose,"['API', 'React', 'Java']",via ZipRecruiter,5 days ago,Not Specified,Not Specified,Not Specified
78,Tech Lead Software Engineer (Android),"HireIO, Inc.",San Jose,['APIs'],via LinkedIn,17 days ago,Not Specified,Not Specified,Not Specified
79,Android Developer,Sayagyi Group Inc,Sunnyvale,['n/a'],via Iitjobs,8 days ago,Not Specified,Not Specified,Not Specified
80,Android Developer,Stash Invest,New York,"['APIs', 'Java', 'RESTful APIs']",via ZipRecruiter,4 days ago,Not Specified,Not Specified,Not Specified
81,Software Engineer (Android),DRUM Associates,  United States   ,"['Java', 'Kotlin']",via LinkedIn,2 days ago,Not Specified,Not Specified,Not Specified
82,Android Developer,Diverse Lynx,New York,"['API', 'GitHub Actions', 'APIs', 'Kotlin']",via LinkedIn,3 days ago,Not Specified,Not Specified,Not Specified
83,Android Engineer,Tata Consultancy Services,New York,"['API', 'APIs']",via LinkedIn,5 days ago,Not Specified,Not Specified,Not Specified
84,Senior Android Developer,Fuzz Productions,New York,['Java'],via ZipRecruiter,4 days ago,Not Specified,Not Specified,Not Specified
85,Entry -Mid level Android Developer,Adidev Technologies Inc,New York,"['APIs', 'Java', 'RESTful APIs']",via Salary.com,10 days ago,Not Specified,Not Specified,Not Specified
86,Android Developer,"JPMorgan Chase & Co,",New York,"['API', 'Machine Learning', 'Jenkins', 'Java']",via Employment Crossing,Not Specified,Full–time,Not Specified,Not Specified
87,Android Developer,Logging-in,New York,"['APIs', 'AWS']",via OPTnation,Not Specified,Not Specified,$60T–$65T a year,Not Specified
88,Principal Android Developer,ScaleneWorks INC,New York,['Kotlin'],via LinkedIn,26 days ago,Not Specified,Not Specified,Not Specified
89,Lead Android Developer,Infojini Inc,New York,"['TCP/IP', 'React', 'jQuery', 'XML', 'APIs', 'Java', 'Kotlin', 'RESTful APIs', 'TypeScript', 'JavaScript']",via Jooble,3 days ago,Not Specified,Not Specified,Not Specified
90,Android Developer,Logging-in,New York,"['APIs', 'AWS']",via OPTnation,Not Specified,Not Specified,$60T–$65T a year,Not Specified
91,Sr. Android Developer,Intone Networks,New York,"['XML', 'Kotlin']",via Techfetch,4 days ago,Not Specified,Not Specified,Not Specified
92,"iOS Developer - C63020 5.2 New York, NY",CapB InfoteK,New York,"['APIs', 'RESTful APIs']",via Indeed,Not Specified,Not Specified,Not Specified,$52 an hour
93,Senior Android Engineer,Hinge,New York,['Kotlin'],via The Muse,Not Specified,Full–time,Not Specified,Not Specified
94,Principal Android Developer,ScaleneWorks INC,New York,['Kotlin'],via LinkedIn,26 days ago,Not Specified,Not Specified,Not Specified
95,"Android Developer, New York",ION Group,New York,"['APIs', 'JSON', 'Kotlin']",via Lever,26 days ago,Not Specified,Not Specified,Not Specified
96,"Senior Ios Android Developer- NYC, NY",Georgia IT Inc.,New York,['n/a'],via Monster,12 days ago,Not Specified,Not Specified,Not Specified
97,"Android Developer (VP) - CWMD, PWM Client",Goldman Sachs,New York,"['Machine Learning', 'Data Modeling', 'APIs', 'Kotlin']",via ZipRecruiter,Not Specified,Full–time,Not Specified,Not Specified
98,Senior Android Developer,Trigyn,New York,"['TCP/IP', 'React', 'jQuery', 'XML', 'APIs', 'Java', 'Kotlin', 'RESTful APIs', 'TypeScript', 'JavaScript']",via Trigyn,6 days ago,Not Specified,Not Specified,Not Specified
99,Developer 95NY,Tata Consultancy Service Limited,New York,['n/a'],via Jooble,2 days ago,Not Specified,Not Specified,Not Specified
100,Android Developer,Tekvivid Inc,New York,['n/a'],via Dr. Job Pro,Not Specified,Full–time and Contractor,Not Specified,Not Specified
101,Android Developer,Careers API Sandbox,Brooklyn,"['XML', 'APIs', 'Java', 'JavaScript']",via Comeet,Not Specified,Full–time,Not Specified,Not Specified
102,Lead Android Developer,Synechron,  United States   ,"['API', 'APIs', 'Java', 'Kotlin', 'JavaScript']",via LinkedIn,27 days ago,Not Specified,Not Specified,Not Specified
103,Lead Software Engineer- Android,Alumni Career Site,New York,"['Jira', 'Kotlin']",via JPMorgan Chase Login,11 days ago,Not Specified,Not Specified,Not Specified
104,Senior Android Engineer,ProIT Inc.,New York,"['API', 'APIs']",via Indeed,5 days ago,Not Specified,Not Specified,Not Specified
105,Android Developer - Opportunity to Make a Difference,Ring0,New York,"['Python', 'Java']",via GrabJobs,1 day ago,Not Specified,Not Specified,Not Specified
106,Senior Android Engineer - Nearshore - Contractor,Heady,New York,"['Java', 'Kotlin']",via ZipRecruiter,3 days ago,Not Specified,Not Specified,Not Specified
107,Android Developer,Saxon Global Inc,New York,['Kotlin'],via Jooble,7 days ago,Not Specified,Not Specified,Not Specified
108,Android Mobile Developer,Jobsbridge,New York,"['XML', 'HTML5', 'APIs', 'SQL', 'Java', 'RESTful APIs', 'JavaScript']",via Smart Recruiters Jobs,Not Specified,Full–time,Not Specified,Not Specified
109,Android Developer,Mitchell Martin Inc.,  United States   ,"['Java', 'Kotlin']",via LinkedIn,9 days ago,Not Specified,Not Specified,Not Specified
110,"Senior Software Engineer, Android",Capital One,Cambridge,"['APIs', 'Kotlin']",via Capital One Careers,Not Specified,Full–time and Part-time,Not Specified,Not Specified
111,Senior Android Engineer,Revel,New York,"['API', 'Python', 'React', 'PostgreSQL', 'APIs', 'GraphQL', 'Kubernetes', 'Kotlin', 'Django', 'TypeScript']",via Greenhouse,Not Specified,Full–time,Not Specified,Not Specified
112,Senior Android Engineer - Nearshore - Contractor,Heady, Anywhere ,"['Java', 'Kotlin']",via Indeed,4 days ago,Not Specified,Not Specified,Not Specified
113,Android Developer,ApTask,New York,"['Python', 'HTML5', 'Jira', 'APIs', 'Java', 'RESTful APIs', 'JavaScript']",via ZipRecruiter,Not Specified,Not Specified,Not Specified,$50–$60 an hour
114,"Android Engineer, Payments",Stripe,New York,"['API', 'Go', 'APIs']",via LinkedIn,6 days ago,Not Specified,Not Specified,Not Specified
115,Mobile Android Developer - Growth-Minded Organization,My Bambu,New York,"['API', 'APIs', 'Data Warehousing', 'Java', 'JSON', 'Kotlin', 'RESTful APIs']",via GrabJobs,1 day ago,Not Specified,Not Specified,Not Specified
116,"Android Engineer at Paramount+ in New York, New York, United States",Paramount+,New York,"['Java', 'Kotlin']",via Outscal,Not Specified,Full–time,Not Specified,Not Specified
117,Senior Principal Software Engineer - Android,Alumni Career Site,New York,"['Java', 'Kotlin']",via JPMorgan Chase Login,20 days ago,Not Specified,Not Specified,Not Specified
118,Android Engineer,Priceline,New York,"['API', 'Go', 'Java', 'JSON', 'Kotlin']",via Salary.com,8 days ago,Not Specified,Not Specified,Not Specified
119,Application Developer Mobile Android,IBM,New York,"['MySQL', 'jQuery', 'HTML5', 'Go', 'SQL', 'Java', 'JSON', 'JavaScript']",via Mogul,7 days ago,Not Specified,Not Specified,Not Specified
120,"Android Engineer, Payments",Stripe,Seattle,"['API', 'Go', 'APIs']",via LinkedIn,9 days ago,Not Specified,Not Specified,Not Specified
121,Android Developer,Jobsbridge,Seattle,"['APIs', 'Java']",via ZipRecruiter,2 days ago,Not Specified,Not Specified,Not Specified
122,"Product Manager II, Android Developer Experience",Google,Seattle,"['API', 'Machine Learning']",via LinkedIn,2 days ago,Not Specified,Not Specified,Not Specified
123,Android Developer (Java & Kotlin),MindPal,Seattle,"['Java', 'Kotlin']",via LinkedIn,Not Specified,Full–time,Not Specified,Not Specified
124,"Android Developer // Seattle, WA // Direct Client",BayOne Solutions,Seattle,"['Java', 'Kotlin']",via Dice,Not Specified,Not Specified,Not Specified,$70–$75 an hour
125,FULL-TIME opportunity for ANDROID developer.,Stem Xpert,Seattle,['Java'],via ZipRecruiter,Not Specified,Full–time,Not Specified,Not Specified
126,Android Developer,Deegit Inc,Seattle,['Java'],via ZipRecruiter,Not Specified,Contractor and Temp work,Not Specified,Not Specified
127,Junior Android Engineer,Backbone,Seattle,['Kotlin'],via LinkedIn,27 days ago,Not Specified,Not Specified,Not Specified
128,Android Developer,DevSelect,Seattle,['Java'],via Salary.com,16 days ago,Not Specified,Not Specified,Not Specified
129,Android Engineer,Starbucks,Seattle,['n/a'],via JobzMall,Not Specified,Not Specified,$1.07L–$1.68L a year,Not Specified
130,"Android Developer - Seattle, WA",Georgia IT Inc.,Seattle,"['SQLite', 'XML', 'HTML5', 'APIs', 'Java', 'JSON', 'JavaScript']",via Monster,12 days ago,Not Specified,Not Specified,Not Specified
131,Android Developer: 24-00585,Akraya Inc.,Seattle,"['React', 'APIs', 'TypeScript', 'JavaScript']",via Akraya,3 days ago,Not Specified,Not Specified,Not Specified
132,Lead Android Developer,CYNET SYSTEMS,Seattle,['Kotlin'],via ZipRecruiter,19 days ago,Not Specified,Not Specified,Not Specified
133,Android Lead Developer (local to Seattle),VR IT Resources LLC,Seattle,['Kotlin'],via LinkedIn,16 days ago,Not Specified,Not Specified,Not Specified
134,"Senior Android Developer at Cisco in Seattle, WA",Cisco,Seattle,"['Java', 'Kotlin']","via Seattle, WA - Geebo",15 hours ago,Not Specified,Not Specified,Not Specified
135,"Senior Lead - Android || Seattle, WA (onsite)","E-Solutions, Inc.",Seattle,['Kotlin'],via Dice,17 days ago,Not Specified,Not Specified,Not Specified
136,"Android Developer (USC, GC only)",360 IT Professionals,Seattle,['Java'],via ZipRecruiter,5 days ago,Not Specified,Not Specified,Not Specified
137,Embedded Developer on Android platform,People Tech Group,Seattle,['Java'],via Indeed,Not Specified,Full–time,Not Specified,Not Specified
138,Android Developer,Georgia IT Inc.,Seattle,"['Responsive Design', 'API', 'SQLite', 'Java', 'JSON', 'JavaScript']",via Monster,12 days ago,Not Specified,Not Specified,Not Specified
139,Mobile Developer,SARJ,Seattle,['Java'],via Glassdoor,22 days ago,Not Specified,Not Specified,Not Specified
140,Principal Software Engineer Android,Sonos LLC,Seattle,"['Go', 'APIs', 'Kotlin']",via Learn4Good,2 days ago,Not Specified,Not Specified,Not Specified
141,Senior Android Developer,EA Team Inc.,Seattle,['Java'],via ZipRecruiter,Not Specified,Full–time and Temp work,Not Specified,Not Specified
142,"Software Engineer, Android (Kotlin) at Doximity in Remote",Doximity,Seattle,"['Excel', 'Kotlin']","via Seattle, WA - Geebo",6 days ago,Not Specified,Not Specified,Not Specified
143,Android Developer (Locals f2f is required),AYR Global IT Solutions Inc,Seattle,['Java'],via SmartRecruiters Job Search,Not Specified,Not Specified,Not Specified,Contractor
144,Android Engineer,Kovasys,Seattle,"['Jenkins', 'HTML5', 'APIs', 'Java']",via Indeed,Not Specified,Part-time,Not Specified,Not Specified
145,"Software Engineer II, Android",DoorDash,Seattle,"['Go', 'APIs', 'Excel']",via LinkedIn,23 days ago,Not Specified,Not Specified,Not Specified
146,Android Developer,HCRM Consulting Corp.,Seattle,"['SQLite', 'JUnit', 'Angular', 'Java', 'Kotlin']",via Lensa,9 days ago,Not Specified,Not Specified,Not Specified
147,Android Engineer II,The Walt Disney Company,Seattle,"['Kotlin', 'Less']",via Salary.com,Not Specified,Full–time,Not Specified,Not Specified
148,Android Developer,c2csaini,Seattle,"['XML', 'Java', 'Kotlin']",via Jobisite,Not Specified,Full–time and Temp work,Not Specified,Not Specified
149,Android developer,SoftNice INC,Seattle,['Java'],via ZipRecruiter,4 days ago,Not Specified,Not Specified,Not Specified
150,"Senior Staff Software Engineer, Android",Slack,Seattle,"['API', 'Kotlin']",via Adzuna,4 days ago,Not Specified,Not Specified,Not Specified
151,Senior - Senior Staff Android Engineer,Recruiting from Scratch,Seattle,['Kotlin'],via LinkedIn,Not Specified,Full–time,Not Specified,Not Specified
152,"Android Engineer – Seattle,WA",Kovasys,Seattle,"['Jenkins', 'HTML5', 'APIs', 'Java']",via Kovasys IT Recruitment Agency,Not Specified,Part-time,Not Specified,Not Specified
153,Sr. Android developer - Remote - Contract,Two95 International,Seattle,"['Java', 'Kotlin']",via Jobilize,5 days ago,Not Specified,Not Specified,Not Specified
154,Android/ Xamarin Developer,Oloop Technology Solutions,Seattle,['n/a'],via ZipRecruiter,Not Specified,Full–time,Not Specified,Not Specified
155,"Mobile Android Developer II, Home Improvement Tech (HI-Tech)",Amazon.com Services LLC,Seattle,"['Machine Learning', 'Python', 'Elasticsearch', 'Java', 'AWS']","via Seattle, WA - Geebo",4 days ago,Not Specified,Not Specified,Not Specified
156,"Senior Android Engineer - Money Management, Cash App",Square,Seattle,"['Go', 'Kotlin']",via The Muse,Not Specified,Full–time,Not Specified,Not Specified
157,"Software Developer, Android",Hulu,Seattle,['n/a'],via JobzMall,Not Specified,Not Specified,$1.14L–$1.57L a year,Not Specified
158,Mobile Application Developer,Vadam Group,Seattle,"['MySQL', 'API', 'XML', 'Java']",via Indeed,Not Specified,Full–time,Not Specified,Not Specified
159,"Android Engineer, SDK Platform, Stripe Terminal",Stripe,Seattle,"['API', 'Go', 'Java', 'Kotlin']",via LinkedIn,18 days ago,Not Specified,Not Specified,Not Specified
160,Android Developer (Java & Kotlin),MindPal,Boston,"['Java', 'Kotlin']",via LinkedIn,Not Specified,Full–time,Not Specified,Not Specified
161,Android Developer,Elajika Inc,Boston,"['XML', 'APIs', 'Java', 'JSON', 'Kotlin', 'JavaScript']",via OPTnation,Not Specified,Full–time and Contractor,Not Specified,Not Specified
162,"IOS / Android developer - Boston, MA",Two95 International Inc.,Boston,['n/a'],via ZipRecruiter,Not Specified,Contractor and Temp work,Not Specified,Not Specified
163,Senior - Senior Staff Android Engineer,Recruiting from Scratch,Boston,['Kotlin'],via LinkedIn,Not Specified,Full–time,Not Specified,Not Specified
164,Android Developer Senior,Stellar Elements,Boston,"['GitHub Actions', 'Kotlin']",via Greenhouse,5 days ago,Not Specified,Not Specified,Not Specified
165,"Software Engineer, Android",Meta,Boston,"['API', 'Machine Learning', 'Java']",via Meta Careers Jobs,Not Specified,Full–time,Not Specified,Not Specified
166,Senior Mobile Developer (iOS/Android),"Roberts Recruiting, LLC",Boston,"['Machine Learning', 'Amazon Web Services', 'APIs', 'Scala', 'Java', 'JavaScript']",via LinkedIn,Not Specified,Full–time,Not Specified,Not Specified
167,"Software Developer I, Mobile Platforms","enLabel Global Services, Inc",Boston,['SQL'],via Indeed,Not Specified,Full–time,Not Specified,Not Specified
168,"Android Engineer, Fintech & Loyalty",Wayfair, Anywhere ,"['API', 'Ruby', 'GraphQL', 'Java', 'Kotlin']",via ZipRecruiter,Not Specified,Work from home,Not Specified,Not Specified
169,Android Developer,Unique System Skills LLC,Boston,"['API', 'JUnit', 'Java']","via Boston, MA - Geebo",3 days ago,Not Specified,Not Specified,Not Specified
170,Xamarin (iOS/Android) Developer,Magaya Corporation,Boston,"['Azure', 'Go', 'APIs', 'GraphQL', 'SQL Server', 'SQL', 'MongoDB', 'Node.js']",via LinkedIn,Not Specified,Full–time,Not Specified,Not Specified
171,Android Mobile Software Engineer (Remote),CEDENT, Anywhere ,"['Python', 'Jenkins', 'React', 'Ruby', 'Appium', 'XML', 'MongoDB', 'Java', 'JSON', 'Docker', 'Node.js']",via ZipRecruiter,Not Specified,Work from home,Not Specified,Not Specified
172,Remote Mobile Developer,Syrinx Consulting, Anywhere ,"['Python', 'React', 'APIs', 'GraphQL', 'Django']",via LinkedIn,Not Specified,Work from home,Not Specified,Not Specified
173,Android Developer,IT Trailblazers Inc.,Boston,['Java'],via Learn4Good,Not Specified,Not Specified,$1.5L–$2L a year,Not Specified
174,"Senior Android Developer - Pet Health at Chewy in Boston, MA",Chewy,Boston,"['React', 'APIs', 'GraphQL', 'Java', 'Kotlin', 'AWS', 'JavaScript']","via Boston, MA - Geebo",2 days ago,Not Specified,Not Specified,Not Specified
175,Mobile Software Engineer- iOS and/or Android,Saviance Technologies, Anywhere ,"['Java', 'Kotlin']",via ZipRecruiter,Not Specified,Work from home,Not Specified,Not Specified
176,"Senior Android Developer | Boston, MA & Cleveland OH - Immediate",Photon Infotech,Boston,"['XML', 'APIs', 'Java', 'JSON', 'Kotlin', 'RESTful APIs', 'JavaScript']","via Boston, MA - Geebo",3 days ago,Not Specified,Not Specified,Not Specified
177,IOS Developer,Digital Janet,Boston,"['Jenkins', 'XML', 'Java', 'JSON', 'Kotlin']",via LinkedIn,21 days ago,Not Specified,Not Specified,Not Specified
178,Mobile Software Engineer (Android),Syrinx,Boston,"['APIs', 'SQL']",via Salary.com,8 days ago,Not Specified,Not Specified,Not Specified
179,Android Mobile Software Engineer (Remote),CEDENT,Boston,"['Python', 'Jenkins', 'React', 'Ruby', 'Appium', 'XML', 'MongoDB', 'Java', 'JSON', 'Docker', 'Node.js']",via Jooble,6 days ago,Not Specified,Not Specified,Not Specified
180,ios/ android developer,Dellfor Technologies,Boston,"['React', 'Java']",via Smart Recruiters Jobs,Not Specified,Full–time,Not Specified,Not Specified
181,"Senior Android Developer ( Java, Kotlin ) at Savant in Boston, MA",Savant,Boston,"['APIs', 'Kotlin']","via Boston, MA - Geebo",15 hours ago,Not Specified,Not Specified,Not Specified
182,Mobile Application Developer,absolute,Boston,['n/a'],via OPTnation,Not Specified,Not Specified,"$1,07,000–$2,56,956 a year",Not Specified
183,Mobile Android Developer,TrueMotion,Boston,"['Machine Learning', 'Python', 'Go', 'APIs', 'Java', 'Kotlin']",via HackerX,Not Specified,Full–time,Not Specified,Not Specified
184,Senior iOS Developer,"Roberts Recruiting, LLC",Boston,['APIs'],via LinkedIn,Not Specified,Full–time,Not Specified,Not Specified
185,Lead Developer,Collabera,Boston,"['Bootstrap', 'API', 'Azure', 'Angular', 'SQL', 'JavaScript']",via ZipRecruiter,1 day ago,Not Specified,Not Specified,Not Specified
186,"Android Application Developer, Connected Devices at Verily in Boston, MA",Verily,Boston,"['MySQL', 'Machine Learning', 'SQLite', 'APIs', 'Java']","via Boston, MA - Geebo",2 days ago,Not Specified,Not Specified,Not Specified
187,Sr. Android developer - Remote - Contract,Two95 International,Boston,"['Java', 'Kotlin']",via Jobilize,5 days ago,Not Specified,Not Specified,Not Specified
188,Principal Software Engineer - Android,Ziff Davis,Boston,"['Java', 'Kotlin']",via ZipRecruiter,7 days ago,Not Specified,Not Specified,Not Specified
189,iOS Developer/Android Developer,Addison Group,Boston,"['APIs', 'Java']","via Boston, MA - Geebo",6 days ago,Not Specified,Not Specified,Not Specified
190,Android Developer,QData,Framingham,"['SQL', 'Java']",via OPTnation,Not Specified,Not Specified,Not Specified,Contractor
191,Senior Mobile Engineer (iOS or Android),"Roberts Recruiting, LLC",Boston,['API'],via LinkedIn,Not Specified,Full–time,Not Specified,Not Specified
192,Senior Android Developer(LOCAL of MA),"R Systems, Inc.",Boston,['Machine Learning'],"via Boston, MA - Geebo",3 days ago,Not Specified,Not Specified,Not Specified
193,"Mobile Infrastructure Software Engineer (Android), App Platforms Infra",Wayfair, Anywhere ,"['Terraform', 'Machine Learning', 'Jenkins', 'Datadog', 'Ruby', 'GCP', 'GraphQL', 'Kotlin', 'Docker']",via ZipRecruiter,Not Specified,Work from home,Not Specified,Not Specified
194,Senior Software Engineer - Mobile (Android) - MIT startup,Cartesian,Cambridge,"['Java', 'Kotlin']",via LinkedIn,1 day ago,Not Specified,Not Specified,Not Specified
195,Mobile SDK Development Advocate- iOS and Android,Saviance Technologies,Boston,['n/a'],via ZipRecruiter,Not Specified,Not Specified,Not Specified,Contractor
196,Lead Android Developer,Ceridian,Boston,"['APIs', 'Kotlin']","via Boston, MA - Geebo",4 days ago,Not Specified,Not Specified,Not Specified
197,Sr. Android developer - Remote - Contract,Two95 International,Natick,"['Java', 'Kotlin']",via Jobilize,5 days ago,Not Specified,Not Specified,Not Specified
198,Sr. Android developer - Remote - Contract,Two95 International,Billerica,"['Java', 'Kotlin']",via Jobilize,5 days ago,Not Specified,Not Specified,Not Specified
199,Android Developer,Steneral Consulting,Billerica,"['SQLite', 'Java', 'Kotlin']",via LinkedIn,Not Specified,Full–time and Contractor,Not Specified,Not Specified
200,Mobile Software Developer - Android - Austin TX / Lone Tree CO,Kellton,Austin,"['Java', 'Kotlin']",via LinkedIn,21 days ago,Not Specified,Not Specified,Not Specified
201,Android Developer,KOYA CONSULTING INC,Austin,"['APIs', 'JUnit', 'Java']",via Indeed,2 days ago,Not Specified,Not Specified,Not Specified
202,Senior Android developer,Ask IT consulting,Austin,['n/a'],via ZipRecruiter,3 days ago,Not Specified,Not Specified,Not Specified
203,Senior Android Developer,SIERA.AI,Austin,"['Java', 'Kotlin']",via LinkedIn,Not Specified,Full–time,Not Specified,Not Specified
204,Android developer,Mindlance,Austin,['n/a'],via ZipRecruiter,2 days ago,Not Specified,Not Specified,Not Specified
205,Android Developer,Fisec Global,Austin,"['API', 'Java']",via OPTnation,Not Specified,Not Specified,$60T–$70T a year,Not Specified
206,Android Developer,TecTammina,Austin,['SSH'],via ZipRecruiter,1 day ago,Not Specified,Not Specified,Not Specified
207,Android Developer,ITExpertUS,Austin,"['Jira', 'Java', 'Kotlin']",via Indeed,Not Specified,Full–time,Not Specified,Not Specified
208,Senior - Senior Staff Android Engineer,Recruiting from Scratch,Austin,['Kotlin'],via LinkedIn,Not Specified,Full–time,Not Specified,Not Specified
209,Mobile Developer,TEKsystems,Austin,"['Machine Learning', 'Java', 'Kotlin']",via ZipRecruiter,Not Specified,Not Specified,Not Specified,$70–$80 an hour
210,Android Malware Reverse Engineer,Piper Companies,Austin,"['Java', 'Kotlin', 'JavaScript']",via LinkedIn,3 days ago,Not Specified,Not Specified,Not Specified
211,Android Engineer,Flash,Austin,"['Go', 'Kotlin', 'Less']",via Lever,19 days ago,Not Specified,Not Specified,Not Specified
212,Android Developer at Turing in Remote,Turing,Austin,['Kotlin'],"via Austin, TX - Geebo",2 days ago,Not Specified,Not Specified,Not Specified
213,Senior Android Developer,Computer Futures,Austin,"['APIs', 'Java']",via ZipRecruiter,3 days ago,Not Specified,Not Specified,Not Specified
214,Lead Android Developer at Cvent in Remote,Cvent,Austin,"['React', 'XML', 'APIs', 'Java', 'Kotlin', 'RESTful APIs']","via Austin, TX - Geebo",2 days ago,Not Specified,Not Specified,Not Specified
215,Senior Android Engineer - SDV,General Motors,Warren,['Go'],via General Motors Careers,19 days ago,Not Specified,Not Specified,Not Specified
216,iOS Developer,Koya Consulting Inc,Austin,['Kotlin'],via LinkedIn,2 days ago,Not Specified,Not Specified,Not Specified
217,Senior Android Engineer,ShortList Recruitment Limited,Austin,"['API', 'APIs', 'GCP', 'Java', 'Kotlin', 'AWS']",via ZipRecruiter,5 days ago,Not Specified,Not Specified,Not Specified
218,Mobile Developer,Cloud Inventions Inc,Austin,"['APIs', 'RESTful APIs']",via Jooble,2 days ago,Not Specified,Not Specified,Not Specified
219,Android Developer (IOT focus),Agile,Austin,['n/a'],via IoT Jobs And Careers,Not Specified,Full–time,Not Specified,Not Specified
220,Android Developer,Technosoft Corporation,Austin,"['XML', 'Go', 'APIs', 'Java', 'JSON']","via Austin, TX - Geebo",3 days ago,Not Specified,Not Specified,Not Specified
221,Android Developer,Esolvit Inc,Austin,"['Java', 'JSON']",via ZipRecruiter,2 days ago,Not Specified,Not Specified,Not Specified
222,Senior Android Engineer (Remote),SalsaMobi,Austin,"['React', 'Java', 'Kotlin']",via Smart Recruiters Jobs,Not Specified,Full–time,Not Specified,Not Specified
223,Senior Android Engineer,PayPal,Austin,"['Jenkins', 'APIs', 'GraphQL', 'Java', 'Kotlin']",via Lensa,16 days ago,Not Specified,Not Specified,Not Specified
224,iOS Engineer II,Care.com, Anywhere ,"['React', 'Splunk', 'Elasticsearch', 'Go', 'GraphQL']",via LinkedIn,5 days ago,Not Specified,Not Specified,Not Specified
225,"Senior Android Developer at Insight Global in Austin, TX",Insight Global,Austin,"['MySQL', 'Java', 'Kotlin', 'AWS']","via Austin, TX - Geebo",2 days ago,Not Specified,Not Specified,Not Specified
226,Senior Mobile Engineer (Android),H-E-B,Austin,"['GraphQL', 'GitLab CI/CD', 'Kotlin']",via ZipRecruiter,1 day ago,Not Specified,Not Specified,Not Specified
227,React Native Developer,Softway Tek LLC,Austin,['React'],via CareerBuilder,2 days ago,Not Specified,Not Specified,Not Specified
228,Android Developer - Point of Sale Platform,Best Ring Point of Sale,Austin,"['APIs', 'Java', 'Kotlin', 'RESTful APIs']","via Austin, TX - Geebo",3 days ago,Not Specified,Not Specified,Not Specified
229,React Native Developer,Pilot,Austin,"['Jenkins', 'React', 'Appium', 'Jira', 'APIs', 'TypeScript', 'JavaScript']",via LinkedIn,23 days ago,Not Specified,Not Specified,Not Specified
230,"Android Software Engineer, Restaurants",squareup.com,Austin,['Kotlin'],via Jooble,6 days ago,Not Specified,Not Specified,Not Specified
231,"Android Developer at Sharp Decisions in Austin, TX",Sharp Decisions,Austin,['Kotlin'],"via Austin, TX - Geebo",5 days ago,Not Specified,Not Specified,Not Specified
232,iOS developer,Dice,Austin,['n/a'],via LinkedIn,4 days ago,Not Specified,Not Specified,Not Specified
233,Lead Android Engineer,PayPal,Austin,"['API', 'APIs']",via Lensa,25 days ago,Not Specified,Not Specified,Not Specified
234,Mobile App Developer,Shift Robotics,Austin,"['API', 'XML', 'Encryption', 'Jira', 'APIs', 'Java', 'JSON', 'Kotlin', 'AWS']",via ZipRecruiter,Not Specified,Full–time,Not Specified,Not Specified
235,Senior Android Developer,Turing,Austin,"['APIs', 'Java', 'Kotlin']","via Austin, TX - Geebo",4 days ago,Not Specified,Not Specified,Not Specified
236,Android Engineer,SigmaWays,Austin,"['Java', 'Kotlin']",via Jobilize,8 days ago,Not Specified,Not Specified,Not Specified
237,"Staff (Senior+) Android Engineer- Design System (Austin, Dallas-Ft Worth, or...","H-E-B, L.P.",Austin,['APIs'],via ZipRecruiter,26 days ago,Not Specified,Not Specified,Not Specified
238,"Senior Software Engineer, Platforms and Ecosystem, Android at Google in...",Google,Austin,['Natural Language Processing'],via Geebo,5 days ago,Not Specified,Not Specified,Not Specified
239,Jr.Mobile and Back End Developers ( OPT Welcome ),Jobsbridge,Austin,"['Java', 'JavaScript']",via ZipRecruiter,4 days ago,Not Specified,Not Specified,Not Specified
240,Android Developer,S Force IT Solutions LLC,Washington,['Java'],via OPTnation,Not Specified,Not Specified,$70T–$75T a year,Not Specified
241,Android Developer,SoftNice INC,Washington,['Java'],via ZipRecruiter,2 days ago,Not Specified,Not Specified,Not Specified
242,Sr. Software Engineer (Android),SimplyApply,Washington,"['Go', 'APIs', 'Kotlin']",via LinkedIn,6 days ago,Not Specified,Not Specified,Not Specified
243,ios/ android developer,Dellfor Technologies,Washington,"['React', 'Java']",via ZipRecruiter,4 days ago,Not Specified,Not Specified,Not Specified
244,Android and Mobile Developer,Wintrio,Washington,"['APIs', 'Kotlin']",via Indeed,Not Specified,Full–time,Not Specified,Not Specified
245,Android Developer,EROS Technologies Inc.,Washington,"['SQLite', 'SQL']",via ZipRecruiter,Not Specified,Full–time,Not Specified,Not Specified
246,Android Developer,Atechstar,Washington,"['React', 'APIs', 'Java', 'Kotlin', 'TypeScript']",via OPTnation,Not Specified,Not Specified,$2.59L–$4.99L a year,Not Specified
247,Android Application Developer,TLTalk, Anywhere ,"['API', 'Go']",via Indeed,Not Specified,Work from home,Not Specified,Not Specified
248,Android Developer,Talent Groups,Washington,"['API', 'Java', 'Kotlin']",via Jooble,3 days ago,Not Specified,Not Specified,Not Specified
249,iOS or Android Developer,Jobsbridge,Washington,"['API', 'Java']",via ZipRecruiter,4 days ago,Not Specified,Not Specified,Not Specified
250,Senior - Senior Staff Android Engineer,Recruiting from Scratch,Washington,['Kotlin'],via LinkedIn,Not Specified,Full–time,Not Specified,Not Specified
251,"Android Developer- Remote at ICF Next in Washington, DC",ICF Next,Washington,"['APIs', 'JSON']","via Washington, DC - Geebo",6 days ago,Not Specified,Not Specified,Not Specified
252,"Senior Manager, Software Engineering, iOS & Android",SimplyApply,Washington,"['APIs', 'Kotlin']",via LinkedIn,4 days ago,Not Specified,Not Specified,Not Specified
253,Android Developer(Need Locals to DC),Hierarch Soft,Washington,['n/a'],via Jobrapido.com,Not Specified,Full–time,Not Specified,Not Specified
254,Mobile Developers,Redcley,Washington,"['Ruby', 'Java']",via Indeed,Not Specified,Full–time,Not Specified,Not Specified
255,Mobile Developer,ragns,Washington,"['APIs', 'JSON']",via OPTnation,Not Specified,Not Specified,$1.59L–$1.99L a year,Not Specified
256,Software Developer,Atechstar,Washington,"['API', 'Java', 'Kotlin']",via OPTnation,Not Specified,Not Specified,$2.59L–$4.99L a year,Not Specified
257,"Software Engineer, Android",Meta,Washington,"['API', 'Java']",via ZipRecruiter,15 hours ago,Not Specified,Not Specified,Not Specified
258,Mobile developer,Kamsa,Washington,"['XML', 'Jira', 'APIs', 'Java', 'JSON']",via Glassdoor,20 days ago,Not Specified,Not Specified,Not Specified
259,"Senior Developer Relations Engineer, Android Auto",Google,Washington,"['API', 'HTML5', 'APIs', 'Kotlin']","via Washington, DC - Geebo",7 days ago,Not Specified,Not Specified,Not Specified
260,"Software Engineers: Web (React), Node.js, iOS, Android",MassLight,Washington,"['API', 'React', 'Kotlin', 'Node.js', 'AWS']",via LinkedIn,Not Specified,Full–time,Not Specified,Not Specified
261,Sr. Native Mobile Engineer (iOS / Android),Jobsbridge,Washington,"['API', 'XML', 'Java', 'JSON']",via ZipRecruiter,4 days ago,Not Specified,Not Specified,Not Specified
262,C++ Developer,UST,Washington,"['Python', 'Less']",via LinkedIn,6 days ago,Not Specified,Not Specified,Not Specified
263,Sr. Android Developer,Aventiv Technologies,Washington,"['NoSQL', 'MySQL', 'Angular', 'MongoDB', 'Spring Boot', 'Java', 'Node.js', 'AWS', 'TypeScript', 'JavaScript']","via Washington, DC - Geebo",4 days ago,Not Specified,Not Specified,Not Specified
264,IOS Developer,Adidev Technologies Inc,Washington,"['API', 'React', 'HTML5', 'Go', 'APIs', 'RESTful APIs', 'JavaScript']",via ZipRecruiter,Not Specified,Full–time,Not Specified,Not Specified
265,Mobile iOS Developer,"TekStream Solutions, LLC",Washington,['Mobile Device Management'],via Indeed,Not Specified,Not Specified,"$69,151–$1,57,042 a year",Not Specified
266,Developer,IntelliBridge,Washington,"['SQL', 'JavaScript']",via LinkedIn,3 days ago,Not Specified,Not Specified,Not Specified
267,"Software Engineer, Android",Messenger,Washington,"['API', 'Machine Learning', 'Java']",via ZipRecruiter,Not Specified,Not Specified,$1.17L a year,Not Specified
268,"Product Manager II, Android Developer Experience, Jetpack Compose",Google,Washington,"['Machine Learning', 'APIs', 'Kotlin']","via Washington, DC - Geebo",7 days ago,Not Specified,Not Specified,Not Specified
269,Android Developer,TCG Digital,Reston,"['API', 'APIs', 'Java', 'Kotlin']",via Glassdoor,Not Specified,Full–time,Not Specified,Not Specified
270,"Senior Software Engineer, Android at Washington Post in Washington, DC",Washington Post,Washington,"['API', 'Java', 'Kotlin']","via Washington, DC - Geebo",2 days ago,Not Specified,Not Specified,Not Specified
271,iOS Developer,Diverse Lynx,Washington,"['Java', 'Kotlin']",via LinkedIn,Not Specified,Not Specified,Not Specified,Contractor
272,Computer Network Operations (CNO) Developer (Android),Cohere Technology Group LLC,Washington,"['Python', 'Excel']",via ZipRecruiter,Not Specified,Full–time,Not Specified,Not Specified
273,"Software Engineer (Android) at vTech Solution, Inc in Washington, DC","vTech Solution, Inc",Washington,"['NoSQL', 'API', 'React', 'APIs', 'Angular', 'SQL', 'MongoDB', 'Java', 'Node.js', 'RESTful APIs', 'JavaScript']","via Washington, DC - Geebo",6 days ago,Not Specified,Not Specified,Not Specified
274,"Senior Mobile Engineer, Startup",Recruiting from Scratch,Washington,"['API', 'XML', 'Encryption', 'Jira', 'APIs', 'Java', 'JSON', 'Kotlin', 'AWS']",via LinkedIn,Not Specified,Full–time,Not Specified,Not Specified
275,Applications Developer with Security Clearance,ClearanceJobs,Washington,"['Python', 'Mobile Device Management', 'XML', 'APIs', 'SQL', 'Java', 'Kotlin']",via LinkedIn,20 days ago,Not Specified,Not Specified,Not Specified
276,Principal Software Developer,"Objective Area Solutions, LLC",Washington,"['HTML5', 'Redis', 'JavaScript']",via ZipRecruiter,Not Specified,Full–time,Not Specified,Not Specified
277,Android Engineer,Clarisoft, Anywhere ,"['APIs', 'Vue.js', 'Java', 'Kotlin', 'AWS']",via Glassdoor,1 month ago,Not Specified,Not Specified,Not Specified
278,Cleared .NET/C# Developer,Serry Systems Inc,Washington,"['Bootstrap', 'React', 'jQuery', 'HTML5', 'Azure', 'CSS3', 'APIs', 'Angular', 'SQL', 'RESTful APIs', 'JavaScript']",via ZipRecruiter,Not Specified,Full–time,Not Specified,Not Specified
279,Mobile Developer,NextXAP,Herndon,['Java'],via Glassdoor,13 days ago,Not Specified,Not Specified,Not Specified
280,Android Developer (Java & Kotlin),MindPal,Los Angeles,"['Java', 'Kotlin']",via LinkedIn,Not Specified,Full–time,Not Specified,Not Specified
281,Mobile Engineer Android,Future solutions,Los Angeles,['n/a'],via LinkedIn,22 hours ago,Not Specified,Not Specified,Not Specified
282,Android Developer,eTeam,Los Angeles,"['Babel', 'React', 'Redux', 'Webpack', 'Angular']",via ZipRecruiter,Not Specified,Not Specified,Not Specified,Contractor
283,Android Developer,Seven Hills Group Technologies Inc.,Los Angeles,"['APIs', 'JUnit', 'Java', 'Kotlin', 'RESTful APIs']",via LinkedIn,21 days ago,Not Specified,Not Specified,Not Specified
284,Android Developer,Elajika Inc,Los Angeles,"['API', 'Java']",via OPTnation,Not Specified,Not Specified,Not Specified,Contractor
285,Android CTV Developer (remote friendly),LaBine and Associates, Anywhere ,"['Jira', 'Java', 'Kotlin']",via ZipRecruiter,12 hours ago,Not Specified,Not Specified,Not Specified
286,Mobile Application Developer,"FlyHigh Group, Inc.",Los Angeles,"['Python', 'React', 'JavaScript']",via LinkedIn,2 days ago,Not Specified,Not Specified,Not Specified
287,Android developer,V3Main Technologies Inc,Los Angeles,"['XML', 'Java', 'JSON']",via Talent.com,7 days ago,Not Specified,Not Specified,Not Specified
288,"Android Developers -Los Angeles, CA",Georgia IT Inc.,Los Angeles,"['XML', 'Java', 'JSON']",via Monster,12 days ago,Not Specified,Not Specified,Not Specified
289,Android Developer,KYYBA Inc,Los Angeles,"['Java', 'Kotlin']",via ZipRecruiter,Not Specified,Full–time,Not Specified,Not Specified
290,Android Developer,Broadwave Studios Agency,Los Angeles,"['APIs', 'Java', 'JSON']",via Glassdoor,29 days ago,Not Specified,Not Specified,Not Specified
291,Senior Android Engineer - Remote (US),Tinder,Los Angeles,['Kotlin'],via Powderkeg,Not Specified,Full–time,Not Specified,Not Specified
292,"Staff Android Engineer, Public Company",Recruiting from Scratch,Los Angeles,['Kotlin'],via LinkedIn,Not Specified,Full–time,Not Specified,Not Specified
293,Associate Android Developer,Fox Corporation,Los Angeles,"['APIs', 'JSON', 'Kotlin']",via Los Angeles CA Geebo.com Free Classifieds Ads - Geebo,4 days ago,Not Specified,Not Specified,Not Specified
294,Entry - Mid- Senior Mobile Developers (Android & iOS),Adidev Technologies Inc,Los Angeles,"['API', 'SQLite', 'APIs', 'JUnit', 'Excel', 'Java', 'Kotlin', 'RESTful APIs']",via ZipRecruiter,Not Specified,Full–time,Not Specified,Not Specified
295,Sr. Android Developer,Sileria,Los Angeles,"['APIs', 'Java']",via Glassdoor,29 days ago,Not Specified,Not Specified,Not Specified
296,Senior Android Engineer,Hinge,Los Angeles,"['API', 'Kotlin']",via The Muse,Not Specified,Full–time,Not Specified,Not Specified
297,Android Engineer,Captions,Los Angeles,"['APIs', 'Java', 'Kotlin']",via Learn4Good,8 days ago,Not Specified,Not Specified,Not Specified
298,Android Engineer,Jobsbridge,Los Angeles,"['XML', 'APIs', 'Java', 'JSON', 'RESTful APIs']",via ZipRecruiter,5 days ago,Not Specified,Not Specified,Not Specified
299,iOS/Android Front-End developer,DOMINIEREN CORPORATION,Los Angeles,"['API', 'Python', 'React', 'Amazon S3', 'PostgreSQL', 'NGINX', 'Redis', 'MongoDB', 'PHP', 'Java', 'AWS']",via Indeed,Not Specified,Full–time and Contractor,Not Specified,Not Specified
300,Mobile App Developer,Sonus Software Solutions Inc.,Los Angeles,['n/a'],via CareerBuilder,16 days ago,Not Specified,Not Specified,Not Specified
301,Android Developer at Fox Sports Net in Remote,Fox Sports Net,Los Angeles,"['Elasticsearch', 'Jira', 'Java', 'JSON', 'Kotlin', 'AWS']",via Los Angeles CA Geebo.com Free Classifieds Ads - Geebo,5 days ago,Not Specified,Not Specified,Not Specified
302,SDE - Android Developer Intern (Unpaid),Charm Life, Anywhere ,"['API', 'Java', 'Kotlin']",via F6S,Not Specified,Work from home,Not Specified,Not Specified
303,Android Engineer,Elevano,Los Angeles,"['APIs', 'JUnit', 'Kotlin']",via Salary.com,15 days ago,Not Specified,Not Specified,Not Specified
304,"Software Engineer, Android",Meta,Los Angeles,"['API', 'Machine Learning', 'Java', 'Kotlin']",via ZipRecruiter,Not Specified,Not Specified,"$1,46,994 a year",Not Specified
305,Web and Mobile Developer - IoT,CyberCoders,Los Angeles,"['Responsive Design', 'React', 'Node.js', 'AWS', 'TypeScript', 'JavaScript']",via LinkedIn,6 days ago,Not Specified,Not Specified,Not Specified
306,Android App Developer,"Search Solutions, LLC",Los Angeles,['APIs'],via ZipRecruiter,2 days ago,Not Specified,Not Specified,Not Specified
307,"Android Developer at BrickRed Systems in Los Angeles, CA",BrickRed Systems,Los Angeles,['n/a'],via Los Angeles CA Geebo.com Free Classifieds Ads - Geebo,5 days ago,Not Specified,Not Specified,Not Specified
308,Senior Android Enginee,VRK TECH,Los Angeles,"['APIs', 'Java', 'Kotlin']",via Indeed,Not Specified,Full–time,Not Specified,Not Specified
309,Email Developer,Robert Half,Los Angeles,['Go'],via LinkedIn,4 days ago,Not Specified,Not Specified,Not Specified
310,Senior Android Software Engineer,Skylight, Anywhere ,['Kotlin'],via ZipRecruiter,Not Specified,Work from home,Not Specified,Not Specified
311,"Senior / Staff Android Engineer, Growth at Reddit in Los Angeles, CA",reddit,Los Angeles,"['Java', 'Kotlin']","via Los Angeles, CA - Geebo",15 hours ago,Not Specified,Not Specified,Not Specified
312,Mobile Developer - geofencing,"Search Solutions, LLC",Los Angeles,"['API', 'XML', 'SQL', 'JSON']",via Smart Recruiters Jobs,Not Specified,Full–time,Not Specified,Not Specified
313,Mid Level Android Developer,Jobsbridge,Los Angeles,"['APIs', 'Java']",via ZipRecruiter,1 day ago,Not Specified,Not Specified,Not Specified
314,Android Developer,Smartlinx,Los Angeles,"['API', 'Jira', 'Azure', 'APIs', 'Java', 'Kotlin']",via Los Angeles CA Geebo.com Free Classifieds Ads - Geebo,4 days ago,Not Specified,Not Specified,Not Specified
315,Sr. Mobile Engineer,The Gizmo App Company,Los Angeles,"['API', 'Go', 'JSON']",via LinkedIn,Not Specified,Not Specified,$1.4L–$1.6L a year,Not Specified
316,"Android Developer - El Segundo, CA",Georgia IT Inc.,El Segundo,['n/a'],via Monster,12 days ago,Not Specified,Not Specified,Not Specified
317,Lead Android Developer,Avanade Inc.,Los Angeles,['Kotlin'],via Los Angeles CA Geebo.com Free Classifieds Ads - Geebo,4 days ago,Not Specified,Not Specified,Not Specified
318,Android Engineer,Marissa Letendre,Los Angeles,['n/a'],via ZipRecruiter,Not Specified,Full–time,Not Specified,Not Specified
319,Mobile Software Engineer Lead/Architect,ClockShark,Los Angeles,"['React', 'APIs']",via LinkedIn,Not Specified,Not Specified,$1.2L–$1.4L a year,Not Specified
320,Android Developer,Diverse Lynx,Chicago,"['NoSQL', 'API']",via LinkedIn,23 days ago,Not Specified,Not Specified,Not Specified
321,"Android Engineer, Payments",Stripe,Chicago,"['API', 'Go', 'APIs']",via LinkedIn,Not Specified,Full–time,Not Specified,Not Specified
322,Android Developer (Java & Kotlin),MindPal,Chicago,"['Java', 'Kotlin']",via LinkedIn,Not Specified,Full–time,Not Specified,Not Specified
323,ios/ android developer,Dellfor Technologies,Chicago,"['React', 'Java']",via ZipRecruiter,5 days ago,Not Specified,Not Specified,Not Specified
324,Android Developer,"Capgemini America, Inc.",Chicago,"['API', 'Jira', 'JUnit', 'GraphQL', 'Postman', 'Java', 'JSON', 'Kotlin', 'AWS']",via Dice,1 month ago,Not Specified,Not Specified,Not Specified
325,Android Engineer,VAPORSTREAM INC, Anywhere ,"['Jenkins', 'CircleCI', 'Encryption', 'Jira', 'Java', 'JSON', 'Kotlin']",via ZipRecruiter,Not Specified,Work from home,Not Specified,Not Specified
326,Android Developer,Emonics LLC,Chicago,['APIs'],via OPTnation,Not Specified,Not Specified,$70T–$80T a year,Not Specified
327,Android developer,ACG Tech Systems,Chicago,"['Java', 'Kotlin']",via Indeed,Not Specified,Full–time,Not Specified,Not Specified
328,URGENT NEED: Android Developer | Fulltime - Permanent | Chicago IL,Wipro Ltd.,Chicago,"['APIs', 'RESTful APIs']","via Chicago, IL - Geebo",3 days ago,Not Specified,Not Specified,Not Specified
329,Android Software Engineering Internship - Chicago,Fetch,Chicago,"['Java', 'Kotlin']",via ZipRecruiter,Not Specified,Full–time and Internship,Not Specified,Not Specified
330,Android Developer,tcg digital solutions pvt ltd,Chicago,['n/a'],via TimesJobs,9 days ago,Not Specified,Not Specified,Not Specified
331,Senior Android Engineer,Sibel Health,Chicago,"['TCP/IP', 'Jira', 'APIs', 'Kotlin']",via LinkedIn,Not Specified,Full–time,Not Specified,Not Specified
332,Android Developer Senior,Stellar Elements,Chicago,"['GitHub Actions', 'Kotlin']",via Greenhouse,5 days ago,Not Specified,Not Specified,Not Specified
333,Jr - Mid Android Developer,Adidev Technologies Inc,Chicago,"['Go', 'APIs', 'Java', 'Kotlin', 'RESTful APIs']",via Glassdoor,25 days ago,Not Specified,Not Specified,Not Specified
334,"Android Developer- Chicago, IL",Georgia IT Inc.,Chicago,"['APIs', 'RESTful APIs']",via Monster,12 days ago,Not Specified,Not Specified,Not Specified
335,Android Mobile App Developer,Redfoundry,Chicago,"['API', 'Java', 'JavaScript']",via OPTnation,Not Specified,Not Specified,$46T–$79T a year,Not Specified
336,Senior Android Developer,Jobsbridge,Chicago,"['API', 'Java']",via ZipRecruiter,Not Specified,Full–time,Not Specified,Not Specified
337,Android Developer,HCRM Consulting Corp.,Chicago,"['Machine Learning', 'SQLite', 'JUnit', 'Angular', 'Java', 'Kotlin']",via Jooble,8 days ago,Not Specified,Not Specified,Not Specified
338,Entry Level Android developer,Apolis,Chicago,['Java'],via Indeed,Not Specified,Not Specified,$55T–$65T a year,Not Specified
339,iOS/Android Developer - Multiple Opening,Dynamic Interactive Business Systems,Chicago,['API'],via Glassdoor,Not Specified,Full–time,Not Specified,Not Specified
340,SDE III Android (Remote),RemoteWorker US, Anywhere ,['n/a'],via LinkedIn,6 hours ago,Not Specified,Not Specified,Not Specified
341,Android Developer,NexZenTek,Chicago,"['React', 'Kotlin']",via Salary.com,11 days ago,Not Specified,Not Specified,Not Specified
342,Android Development,Atechstar,Chicago,['APIs'],via OPTnation,Not Specified,Not Specified,$60T–$70T a year,Not Specified
343,Android Developer,1872 Consulting,Chicago,"['Jira', 'Java']",via ZipRecruiter,Not Specified,Full–time,Not Specified,Not Specified
344,Senior Android Developer,Nirvana Enterprises,Chicago,"['jQuery', 'WebSocket', 'XML', 'HTML5', 'SQL', 'Java', 'JSON', 'JavaScript']",via Indeed,Not Specified,Not Specified,Not Specified,Contractor
345,Android developer -Chicago IL,Georgia IT Inc.,Chicago,['n/a'],via Monster,12 days ago,Not Specified,Not Specified,Not Specified
346,Android Developer,krg technology inc,Chicago,"['API', 'XML', 'Jira', 'SQL', 'JSON', 'JavaScript']",via Smart Recruiters Jobs,Not Specified,Full–time,Not Specified,Not Specified
347,Developer - Android - IL,Photon,Chicago,"['APIs', 'GraphQL', 'JSON', 'Kotlin']",via Lensa,30 days ago,Not Specified,Not Specified,Not Specified
348,"Android Developer /Chicago, IL / Plano, TX / New York, NY / Columbus, OH,6...",Suncap Technology,Chicago,"['Java', 'Kotlin']",via ZipRecruiter,Not Specified,Not Specified,Not Specified,Contractor
349,Android Developer,COMTEK International,Chicago,"['Jenkins', 'Encryption', 'Java', 'Kotlin', 'AWS']","via Chicago, IL - Geebo",3 days ago,Not Specified,Not Specified,Not Specified
350,"Senior Android Engineer, Dating Application",Recruiting from Scratch,Chicago,['Kotlin'],via LinkedIn,Not Specified,Full–time,Not Specified,Not Specified
351,Senior Android Developer,HCRM Consulting Corp.,Chicago,['Kotlin'],via Ladders,5 days ago,Not Specified,Not Specified,Not Specified
352,Android Developer,"Cybertec, Inc.",Chicago,"['APIs', 'Java', 'JSON', 'Kotlin', 'RESTful APIs']",via ZipRecruiter,Not Specified,Not Specified,Not Specified,$58 an hour
353,"TEN Mobile Developers (Android and iOS) for NJ, Chicago, MI, CA",DBA Web Technologies,Chicago,"['Java', 'JavaScript']",via Jooble,Not Specified,Full–time and Contractor,Not Specified,Not Specified
354,Android Developer,Quantum Technologies. LLC,Chicago,"['APIs', 'Java', 'RESTful APIs']",via Learn4Good,Not Specified,Full–time,Not Specified,Not Specified
355,"Software Engineer, Mobile Applications (Android/iOS)",Hallsten Innovations,Chicago,"['XML', 'Java']",via Indeed,Not Specified,Full–time,Not Specified,Not Specified
356,Sr. Android developer - Remote - Contract,Two95 International,Chicago,"['Java', 'Kotlin']",via Jobilize,5 days ago,Not Specified,Not Specified,Not Specified
357,Senior Android (Kotlin) Developer (Remote),StreamLayer,Chicago,"['APIs', 'RESTful APIs']",via HR Software For Growing Businesses | Freshteam,4 days ago,Not Specified,Not Specified,Not Specified
358,Mobile Application Developer,Seek Smart,Chicago,['Java'],via LinkedIn,9 days ago,Not Specified,Not Specified,Not Specified
359,Android Developer at Turing in Remote,Turing,Chicago,"['Java', 'Kotlin']","via Chicago, IL - Geebo",5 days ago,Not Specified,Not Specified,Not Specified
360,Android Developer / Architect,Axelon Services Corporation,Atlanta,"['Python', 'Java']",via LinkedIn,3 days ago,Not Specified,Not Specified,Not Specified
361,Android Developer,Diverse Lynx,Atlanta,"['API', 'JUnit']",via LinkedIn,Not Specified,Full–time,Not Specified,Not Specified
362,Android Developer,Inverselogix Inc,Atlanta,"['Jenkins', 'XML', 'Java', 'JSON', 'JavaScript']",via ZipRecruiter,4 days ago,Not Specified,Not Specified,Not Specified
363,Mobile Application Developer (Android/iOS),Raas Infotek LLC,Atlanta,"['APIs', 'RESTful APIs']",via Dice,3 days ago,Not Specified,Not Specified,Not Specified
364,Android Developer (Java & Kotlin),MindPal,Atlanta,"['Java', 'Kotlin']",via LinkedIn,Not Specified,Full–time,Not Specified,Not Specified
365,Android Developer(8+Years) + Onsite ROle,PRO IT,Atlanta,"['API', 'APIs']",via Indeed,5 days ago,Not Specified,Not Specified,Not Specified
366,Android Developer,CapB InfoteK,Atlanta,['APIs'],via ZipRecruiter,Not Specified,Full–time,Not Specified,Not Specified
367,Android/IOS Developer,Unidor Consulting LLC,Atlanta,['JUnit'],via Indeed,4 days ago,Not Specified,Not Specified,Not Specified
368,Android Developer,Undocked,Atlanta,"['React', 'APIs', 'Excel', 'Java', 'Kotlin', 'RESTful APIs']",via LinkedIn,8 days ago,Not Specified,Not Specified,Not Specified
369,Android Developer,US Tech Solutions,Atlanta,"['XML', 'Java', 'JSON']",via ZipRecruiter,4 days ago,Not Specified,Not Specified,Not Specified
370,Android Developer,izealinc.com,Atlanta,"['JUnit', 'Kotlin']",via Techfetch,Not Specified,Not Specified,Not Specified,Contractor
371,Senior Android Engineer,CyberCoders, Anywhere ,['n/a'],via Indeed,1 day ago,Not Specified,Not Specified,Not Specified
372,Android Engineer/ Developer,confidential,Atlanta,"['API', 'APIs', 'Kotlin']",via Jooble,4 days ago,Not Specified,Not Specified,Not Specified
373,Android Developer,krg technology inc,Atlanta,"['Appium', 'XML', 'JSON']",via ZipRecruiter,1 day ago,Not Specified,Not Specified,Not Specified
374,Android/ IOS Developer(only W2),Unidor Consulting,Atlanta,['JUnit'],via LinkedIn,4 days ago,Not Specified,Not Specified,Not Specified
375,"Android Developer-Atlanta, GA",Georgia IT Inc.,Atlanta,"['APIs', 'Java', 'JSON']",via Monster,12 days ago,Not Specified,Not Specified,Not Specified
376,Native Android Developer,CloudQ,Atlanta,"['Java', 'Kotlin']",via LinkedIn,21 days ago,Not Specified,Not Specified,Not Specified
377,Mobile Developer,Robert Half,Atlanta,['n/a'],via Robert Half,6 days ago,Not Specified,Not Specified,Not Specified
378,"Android Developer - (Kotlin, Jetpack Compose, Java)",Resource Informatics Group,Atlanta,"['Jenkins', 'Jira', 'Java', 'Kotlin']",via ZipRecruiter,1 month ago,Not Specified,Not Specified,Not Specified
379,Android Developer,capgemini,Atlanta,"['API', 'Jira', 'Postman', 'Java', 'JSON', 'Kotlin']",via Salary.com,13 days ago,Not Specified,Not Specified,Not Specified
380,"Android Developer - Atlanta, GA/Austin TX - Full time with benefits",Georgia IT Inc.,Atlanta,"['API', 'SQLite', 'XML', 'JUnit', 'Java', 'Kotlin']",via Monster,12 days ago,Not Specified,Not Specified,Not Specified
381,Android Developer Lead,Stellar Elements,Atlanta,"['GitHub Actions', 'Kotlin']",via Greenhouse,19 days ago,Not Specified,Not Specified,Not Specified
382,Sr. Android Developer,Evoort Solutions,Atlanta,"['APIs', 'Java', 'Kotlin']",via LinkedIn,Not Specified,Full–time,Not Specified,Not Specified
383,Developer,SAP,Atlanta,"['XML', 'APIs', 'SQL Server', 'SQL', 'Kubernetes', 'Java', 'JSON', 'JavaScript']",via Jobs At SAP,9 days ago,Not Specified,Not Specified,Not Specified
384,Jr - Mid Android Developer,Adidev Technologies Inc,Atlanta,"['Go', 'APIs', 'Java', 'Kotlin', 'RESTful APIs']",via ZipRecruiter,Not Specified,Full–time,Not Specified,Not Specified
385,"Android Developer (Aerospace domain) - Atlanta, GA - FTE",Saxon Global Inc,Atlanta,"['JUnit', 'Java', 'Kotlin']",via Jooble,17 days ago,Not Specified,Not Specified,Not Specified
386,Senior Android Engineer,ProIT Inc.,Atlanta,"['API', 'APIs']",via Indeed,5 days ago,Not Specified,Not Specified,Not Specified
387,Day One Onsite - Android Developer,Vita Tech Inc,College Park,"['PHP', 'Java', 'Kotlin']",via Bank Of Montserrat,Not Specified,Not Specified,Not Specified,$65 an hour
388,Android Developer,blueStone,Atlanta,"['Java', 'Less']",via ZipRecruiter,5 days ago,Not Specified,Not Specified,Not Specified
389,Remote Senior Android Engineer - Platform Specialist,CyberCoders, Anywhere ,['Kotlin'],via LinkedIn,6 days ago,Not Specified,Not Specified,Not Specified
390,Senior Software Developer (Android/Java),Presso,Atlanta,"['MySQL', 'API', 'React', 'Express.js', 'Java', 'AWS', 'TypeScript', 'JavaScript']",via Glassdoor,21 days ago,Not Specified,Not Specified,Not Specified
391,Android Developer - BHJOB2052_14844,Visionaire Partners,Atlanta,"['Jenkins', 'Java', 'JavaScript']","via Atlanta, GA - Geebo",3 days ago,Not Specified,Not Specified,Not Specified
392,Senior Android Developer,Photon Interactive UK Limited,Alpharetta,"['Jenkins', 'Jira', 'Java', 'Kotlin']",via Dice,Not Specified,Not Specified,Not Specified,Contractor
393,Android developer,Dice,Atlanta,"['Jenkins', 'Jira', 'Java', 'Kotlin']",via Learn4Good,1 month ago,Not Specified,Not Specified,Not Specified
394,Sr. Android developer | Remote | Contract,Two95 International, Anywhere ,"['Java', 'Kotlin']",via Indeed,Not Specified,Work from home,Not Specified,Not Specified
395,ios/ android developer,Dellfor Technologies,Atlanta,"['React', 'Java']",via ZipRecruiter,6 days ago,Not Specified,Not Specified,Not Specified
396,"Android Engineer, Retail",edgecomputingassociation.com,Atlanta,['n/a'],via Jooble,10 days ago,Not Specified,Not Specified,Not Specified
397,"Android Developer-Sunnyvale, CA; NYC/NJ Atlanta, GA or Colorado Springs, CO",Georgia IT Inc.,Atlanta,"['APIs', 'SQL', 'Java', 'Kotlin', 'RESTful APIs', 'AWS']",via Monster,12 days ago,Not Specified,Not Specified,Not Specified
398,Jr Android Developer,Snaphunt,Atlanta,"['Cucumber', 'Jenkins', 'CircleCI', 'XML', 'Jira', 'Azure', 'APIs', 'JUnit', 'Java', 'JSON', 'Kotlin']",via Snaphunt,Not Specified,Not Specified,$70T a year,Not Specified
399,Android Developer- 100% Remote / ATLANTA- GA,IBU Consulting, Anywhere ,['Java'],via LinkedIn,21 days ago,Not Specified,Not Specified,Not Specified
400,Android Developer,Infosys,Denver,"['API', 'XML', 'Java', 'JSON', 'JavaScript']",via LinkedIn,24 days ago,Not Specified,Not Specified,Not Specified
401,Android Developer,Tack Mobile,Denver,"['Jira', 'Kotlin']",via ZipRecruiter,Not Specified,Full–time,Not Specified,Not Specified
402,Native Android Developer,CloudQ,Denver,"['API', 'Java']",via LinkedIn,21 days ago,Not Specified,Not Specified,Not Specified
403,100% Remote Android Developer (Anywhere in USA),TELNET INC., Anywhere ,"['jQuery', 'HTML5', 'CSS3', 'APIs', 'Java', 'Node.js', 'RESTful APIs', 'AWS', 'TypeScript', 'JavaScript']",via LinkedIn,21 days ago,Not Specified,Not Specified,Not Specified
404,IOS & Android Mobile App Developer,Adidev Technologies Inc,Denver,"['API', 'SQLite', 'APIs', 'JUnit', 'Excel', 'Java', 'Kotlin', 'RESTful APIs']",via ZipRecruiter,Not Specified,Full–time,Not Specified,Not Specified
405,Android Developer,Econosoft,Denver,"['Java', 'Kotlin']",via Indeed,Not Specified,Full–time,Not Specified,Not Specified
406,"Android Engineer, Design Systems",CVS Health, Anywhere ,"['CircleCI', 'Kotlin']",via LinkedIn,25 days ago,Not Specified,Not Specified,Not Specified
407,"Android developer-Denver, CO",Georgia IT Inc.,Denver,['n/a'],via Monster,12 days ago,Not Specified,Not Specified,Not Specified
408,Android Developer,izealinc.com,Denver,"['Java', 'JSON', 'Kotlin']",via Techfetch,Not Specified,Not Specified,Not Specified,Contractor
409,Android Developer,360 IT Professionals,Denver,['jQuery'],via ZipRecruiter,5 days ago,Not Specified,Not Specified,Not Specified
410,ANDROID DEVELOPER,"TruU, Inc.", Anywhere ,"['Java', 'Kotlin']",via Salary.com,Not Specified,Work from home,Not Specified,Not Specified
411,Senior - Senior Staff Android Engineer,Recruiting from Scratch,Denver,['Kotlin'],via LinkedIn,Not Specified,Full–time,Not Specified,Not Specified
412,Lead Android Developer,Charter Communications,Denver,"['API', 'Kotlin', 'AWS', 'Less']",via Untapped,Not Specified,Full–time,Not Specified,Not Specified
413,Mobile developer,Apex 2000,Denver,['Kotlin'],via Indeed,3 days ago,Not Specified,Not Specified,Not Specified
414,"Senior Android Developer at Insight Global in Denver, CO",Insight Global,Denver,['Kotlin'],"via Denver, CO - Geebo",2 days ago,Not Specified,Not Specified,Not Specified
415,Android Application Developer,Josh.ai,Denver,"['Natural Language Processing', 'Kotlin']",via Glassdoor,14 days ago,Not Specified,Not Specified,Not Specified
416,Android Developer,Isite Technologies,Denver,"['Java', 'JSON', 'Kotlin']",via Techfetch,Not Specified,Not Specified,Not Specified,Contractor
417,Android Developer,Pyramid Consulting,Denver,"['NoSQL', 'API', 'jQuery', 'HTML5', 'Java']",via ZipRecruiter,Not Specified,Not Specified,Not Specified,Contractor
418,Android Developer,Infosys,Denver,"['APIs', 'GraphQL', 'Kotlin']",via Salary.com,23 days ago,Not Specified,Not Specified,Not Specified
419,Sr Android Developer,Resource Informatics Group Inc,Denver,"['XML', 'Java', 'JSON']",via ZipRecruiter,Not Specified,Full–time,Not Specified,Not Specified
420,Android Developer -------------Need Locals-------Need GC and USC,USM,Denver,"['API', 'Data Warehousing', 'Java']",via Smart Recruiters Jobs,Not Specified,Full–time,Not Specified,Not Specified
421,Android/iOS Developer,Saxon Global Inc,Denver,"['Data Modeling', 'APIs', 'Kotlin']",via Jooble,9 days ago,Not Specified,Not Specified,Not Specified
422,Principal Android Engineer,GEICO,Denver,"['NoSQL', 'API', 'Python', 'Appium', 'Azure', 'GCP', 'Excel', 'SQL', 'Kubernetes', 'Java', 'Kotlin', 'Docker', 'LoadRunner', 'AWS', 'Less', 'TypeScript', 'JavaScript']",via Lensa,9 days ago,Not Specified,Not Specified,Not Specified
423,Android Platform Developer,eTeam,Denver,"['Python', 'Java']",via ZipRecruiter,Not Specified,Not Specified,Not Specified,Contractor
424,Senior Android Developer,Ethereum Technologies LLC,Denver,['n/a'],via Learn4Good,26 days ago,Not Specified,Not Specified,Not Specified
425,Android Mobile Engineer,"Gusto, Inc.",Denver,"['GraphQL', 'Kotlin']",via Greenhouse,Not Specified,Full–time,Not Specified,Not Specified
426,Android Engineer,Turing,Denver,"['Java', 'Kotlin']","via Denver, CO - Geebo",3 days ago,Not Specified,Not Specified,Not Specified
427,iOS Engineer II,Care.com, Anywhere ,"['React', 'Splunk', 'Elasticsearch', 'Go', 'GraphQL']",via LinkedIn,5 days ago,Not Specified,Not Specified,Not Specified
428,Developers,Accord Technologies inc,Denver,"['API', 'Python', 'Splunk', 'APIs']",via Jooble,4 days ago,Not Specified,Not Specified,Not Specified
429,Android Mobile Engineer,"Gusto, Inc.",Denver,"['GraphQL', 'Kotlin']",via Glassdoor,11 days ago,Not Specified,Not Specified,Not Specified
430,Senior Mobile Engineer (Flutter/iOS/Android),Engage,Denver,"['API', 'Python', 'React', 'Ruby', 'APIs', 'PHP', 'Java', 'Kotlin']","via Denver, CO - Geebo",4 days ago,Not Specified,Not Specified,Not Specified
431,"Senior Android​/Kotlin DeveloperTernopil, Ivano-Frankivsk, Lviv, Kyiv...",Eleks,Denver,"['API', 'SQL', 'Kotlin']",via Learn4Good,7 days ago,Not Specified,Not Specified,Not Specified
432,Software Developer,Collabera,Denver,"['SQL', 'JavaScript']",via ZipRecruiter,2 days ago,Not Specified,Not Specified,Not Specified
433,Software Developer III,Artech Information System LLC,Denver,"['Go', 'JavaScript']",via ZipRecruiter,5 days ago,Not Specified,Not Specified,Not Specified
434,Mobile Developer,Digital Janet,Denver,['Go'],via LinkedIn,21 days ago,Not Specified,Not Specified,Not Specified
435,Lead Android Engineer,Saxon Global,Denver,"['API', 'XML', 'Go', 'APIs', 'Java', 'JSON', 'Kotlin', 'RESTful APIs']",via Learn4Good,Not Specified,Not Specified,$1L–$1.25L a year,Not Specified
436,Application Developer,Artech Information System LLC, Anywhere ,"['API', 'Python', 'Ruby', 'Go', 'Vue.js', 'Kubernetes', 'Java', 'JavaScript']",via ZipRecruiter,4 days ago,Not Specified,Not Specified,Not Specified
437,PHP Developer,Hirekeyz Inc,Denver,"['MySQL', 'React', 'PHP', 'AWS', 'JavaScript']",via Jooble,23 days ago,Not Specified,Not Specified,Not Specified
438,Xamarin developer exp with C# CTH(Only citizen or GC),360 IT Professionals,Denver,"['API', 'XML', 'APIs', 'JSON', 'JavaScript']",via ZipRecruiter,19 hours ago,Not Specified,Not Specified,Not Specified
439,.net developer,Collabera,Denver,"['Bootstrap', 'API', 'jQuery', 'HTML5', 'CSS3', 'SQL Server', 'SQL', 'JavaScript']",via ZipRecruiter,5 days ago,Not Specified,Not Specified,Not Specified
440,Android Developer Senior,Stellar Elements an Amdocs Company,Dallas,"['GitHub Actions', 'Kotlin']",via LinkedIn,4 days ago,Not Specified,Not Specified,Not Specified
441,Android Developer (Java & Kotlin),MindPal,Dallas,"['Java', 'Kotlin']",via LinkedIn,Not Specified,Full–time,Not Specified,Not Specified
442,Android Developer,S Force IT Solutions LLC,Dallas,['n/a'],via OPTnation,Not Specified,Not Specified,$70T–$75T a year,Not Specified
443,Android Developer,K-LINK,Dallas,"['API', 'SQLite', 'XML', 'APIs', 'SQL', 'JSON']",via Indeed,Not Specified,Full–time,Not Specified,Not Specified
444,Android Developer,Forhyre,Dallas,"['React', 'APIs', 'JSON', 'JavaScript']",via ZipRecruiter,Not Specified,Full–time,Not Specified,Not Specified
445,Jr.Android developer,Robotics technologies llc,Dallas,['Java'],via OPTnation,Not Specified,Not Specified,$60T–$70T a year,Not Specified
446,Android Developer,MSR Cosmos,Dallas,['Kotlin'],via Monster,3 days ago,Not Specified,Not Specified,Not Specified
447,Android Developer,Diverse Lynx,Dallas,"['APIs', 'JSON']",via LinkedIn,Not Specified,Contractor and Temp work,Not Specified,Not Specified
448,ANDROID DEVELOPER,EA Team Inc.,Dallas,['Kotlin'],via ZipRecruiter,Not Specified,Full–time,Not Specified,Not Specified
449,"Android Developer @ Plano, Dallas Metro area, TX(Initial remote",proit-inc,Dallas,"['Bootstrap', 'API', 'Jenkins', 'Java', 'Kotlin']",via Indeed,Not Specified,Not Specified,"$78,294.08–$1,34,431.42 a year",Not Specified
450,Android Developer (REMOTE),Photon, Anywhere ,"['APIs', 'Kotlin', 'RESTful APIs']",via LinkedIn,Not Specified,Work from home,Not Specified,Not Specified
451,Android Developer,Ariana Solutions,Dallas,"['APIs', 'Java', 'Kotlin']",via Glassdoor,12 days ago,Not Specified,Not Specified,Not Specified
452,SOFTWARE ENGINEER I - ANDROID DEVELOPER,Frost Bank,Dallas,"['Jenkins', 'Java', 'Kotlin']",via Indeed,5 days ago,Not Specified,Not Specified,Not Specified
453,Android Developer,nuanza,Dallas,"['jQuery', 'XML', 'HTML5', 'Java', 'JSON', 'Kotlin', 'JavaScript']",via ZipRecruiter,Not Specified,Full–time,Not Specified,Not Specified
454,"Senior Android Developer, Dallas, TX",Stellent IT,Dallas,"['TCP/IP', 'API', 'APIs', 'Java', 'JSON', 'Kotlin']",via LinkedIn,21 days ago,Not Specified,Not Specified,Not Specified
455,"Mid-Level Android Developer - Dallas, TX",Georgia IT Inc.,Dallas,"['MySQL', 'SQLite', 'XML', 'HTML5', 'CSS3', 'JSON', 'JavaScript']",via Monster,12 days ago,Not Specified,Not Specified,Not Specified
456,Android Developer,Adidev Technologies Inc,Dallas,"['Go', 'APIs', 'Java', 'Kotlin', 'RESTful APIs']",via Glassdoor,25 days ago,Not Specified,Not Specified,Not Specified
457,Android Developer,EMONICS LLC,Dallas,"['Bootstrap', 'API', 'Java', 'Kotlin']",via Indeed,Not Specified,Full–time,Not Specified,Not Specified
458,Android Developer,Keylent,Dallas,"['MySQL', 'API', 'React', 'SQL Server', 'SQL', 'MongoDB', 'Java']",via ZipRecruiter,Not Specified,Full–time,Not Specified,Not Specified
459,Android Developer Job Dallas | Krasamo,Krasamo Inc.,Plano,['n/a'],via Krasamo,Not Specified,Full–time,Not Specified,Not Specified
460,Android Developer(Hybrid-Onsite),SmartIPlace,Dallas,['Kotlin'],via LinkedIn,Not Specified,Full–time,Not Specified,Not Specified
461,"Android Developer- Dallas, TX",Georgia IT Inc.,Dallas,"['APIs', 'JUnit', 'Kotlin']",via Monster,12 days ago,Not Specified,Not Specified,Not Specified
462,Senior software Developer,UpStream Global Services,Dallas,"['NoSQL', 'XML', 'Jira', 'MongoDB', 'Java']",via Dice,10 days ago,Not Specified,Not Specified,Not Specified
463,Android Developer,Elite Workforce Inc.,Dallas,"['API', 'SQLite', 'XML', 'Java', 'Kotlin']",via ZipRecruiter,1 day ago,Not Specified,Not Specified,Not Specified
464,Android Developer,Atika Technologies,Dallas,"['APIs', 'Kotlin']",via Lensa,30 days ago,Not Specified,Not Specified,Not Specified
465,Android Developer,Redolent Infotech Pvt. Ltd.,Dallas,['Java'],via Learn4Good,Not Specified,Full–time and Temp work,Not Specified,Not Specified
466,Native Android mobile app developer,krg technology inc,Dallas,"['XML', 'Jira', 'SQL', 'JSON']",via Smart Recruiters Jobs,Not Specified,Full–time,Not Specified,Not Specified
467,Mobile Android Developer,Diverse Lynx,Dallas,"['APIs', 'Kotlin']",via Jooble,8 days ago,Not Specified,Not Specified,Not Specified
468,Android Developer,OSO Ventures Inc,Dallas,"['APIs', 'Java', 'Kotlin', 'RESTful APIs']",via LinkedIn,21 days ago,Not Specified,Not Specified,Not Specified
469,"Android Developer - dallas, TX",Georgia IT Inc.,Dallas,['APIs'],via Monster,12 days ago,Not Specified,Not Specified,Not Specified
470,Android Developer,Tata Consultancy Services,Dallas,"['SQLite', 'XML']","via Dallas, TX - Geebo",4 days ago,Not Specified,Not Specified,Not Specified
471,Entry- Mid- Senior IOS /Android developers,Adidev Technologies Inc,Dallas,"['React', 'HTML5', 'APIs', 'Java', 'Kotlin', 'RESTful APIs', 'JavaScript']",via Salary.com,5 days ago,Not Specified,Not Specified,Not Specified
472,"Python Developer-Dallas, Tx (Onsite)",New York Technology Partners,Dallas,"['ETL', 'Databricks', 'Tableau', 'Python', 'Snowflake', 'SQL', 'Java']",via Dice,4 days ago,Not Specified,Not Specified,Not Specified
473,Android Developer (Local to Dallas - Highly Preferred),Siri InfoSolutions Inc,Dallas,"['XML', 'Jira', 'JSON', 'Kotlin']",via ZipRecruiter,Not Specified,Full–time,Not Specified,Not Specified
474,Android Developer,Arthur Lawrence,Dallas,"['APIs', 'Java', 'RESTful APIs']",via Lensa,Not Specified,Full–time,Not Specified,Not Specified
475,Android Developer,Copper Digital,Dallas,"['API', 'SQLite', 'APIs', 'JSON', 'Kotlin', 'RESTful APIs']",via Copper Digital,Not Specified,Full–time,Not Specified,Not Specified
476,Android engineer,Global Force USA,Dallas,"['APIs', 'Java', 'Kotlin']",via Jooble,10 days ago,Not Specified,Not Specified,Not Specified
477,"Android Developer with Kotlin/Ft Worth, TX",TekIntegral,Dallas,"['Java', 'Kotlin']",via LinkedIn,21 days ago,Not Specified,Not Specified,Not Specified
478,"Sr. Android Engineer - Mobile at CGI Group in Dallas, TX",CGI Group,Dallas,"['Jenkins', 'APIs', 'JUnit', 'Java', 'Kotlin']","via Dallas, TX - Geebo",15 hours ago,Not Specified,Not Specified,Not Specified
479,"Sr. Engineer, Mobile Apps, Android","Foot Locker Corporate Services, Inc.",Dallas,"['JSON', 'Kotlin']",via Ladders,Not Specified,Not Specified,$90T–$1.25L a year,Not Specified
480,Android Applications Developer,Tekniforce,Raleigh,"['MySQL', 'API', 'React', 'Jira', 'R', 'SQL Server', 'Angular', 'SQL', 'Java', 'Kotlin', 'TypeScript', 'JavaScript']",via Dice,2 days ago,Not Specified,Not Specified,Not Specified
481,Android Developer (Java & Kotlin),MindPal,Raleigh,"['Java', 'Kotlin']",via LinkedIn,Not Specified,Full–time,Not Specified,Not Specified
482,"Senior Android Engineer, Dating Application",Recruiting from Scratch,Raleigh,['Kotlin'],via LinkedIn,Not Specified,Full–time,Not Specified,Not Specified
483,Android Developer (Kotlin),Pierce Technology Corp,Raleigh,"['APIs', 'GraphQL', 'Java', 'Kotlin', 'RESTful APIs']",via ZipRecruiter,Not Specified,Full–time,Not Specified,Not Specified
484,Android Developer,PeopleSERVE,Raleigh,"['Python', 'Jenkins', 'APIs', 'Kotlin', 'JavaScript']",via ZipRecruiter,Not Specified,Full–time,Not Specified,Not Specified
485,Android Mobile Application Developer,Constellation Digital Partners,Raleigh,"['API', 'Jenkins', 'Java']","via Raleigh, NC - Geebo",4 days ago,Not Specified,Not Specified,Not Specified
486,"Software Engineer, Android, IXL Mobile",IXL Learning,Raleigh,"['Java', 'Kotlin']",via ZipRecruiter,27 days ago,Not Specified,Not Specified,Not Specified
487,Software Engineer - Android,Marriott,Raleigh,"['SQLite', 'Jenkins', 'Jira', 'Data Modeling', 'APIs', 'Java', 'JSON', 'Kotlin']",via LocalJobs.com,25 days ago,Not Specified,Not Specified,Not Specified
488,Android Engineer,Guidebook, Anywhere ,"['Java', 'Kotlin']",via Salary.com,Not Specified,Work from home,Not Specified,Not Specified
489,Mobile Developer,Accentuate Staffing,Raleigh,"['React', 'Angular']",via Indeed,Not Specified,Full–time,Not Specified,Not Specified
490,Apigee Developer,Tata Consultancy Services,Raleigh,"['API', 'Python', 'Java', 'JavaScript']",via LinkedIn,10 days ago,Not Specified,Not Specified,Not Specified
491,Software Developer,W3R,Raleigh,['Java'],via ZipRecruiter,4 days ago,Not Specified,Not Specified,Not Specified
492,Android Developer,Adroit Software Inc.,Durham,"['Jenkins', 'APIs', 'Kotlin']",via LinkedIn,21 days ago,Not Specified,Not Specified,Not Specified
493,Application Developer with SonarQube experience,Collabera,Raleigh,['Java'],via ZipRecruiter,4 days ago,Not Specified,Not Specified,Not Specified
494,Mobile Software Engineer,Apex Systems Inc,Raleigh,"['jQuery', 'HTML5', 'CSS3', 'Java']",via Indeed,Not Specified,Not Specified,Not Specified,$50 an hour
495,"Senior Software Engineer, Android, IXL Mobile",IXL Learning,Raleigh,"['Java', 'Kotlin']",via Glassdoor,28 days ago,Not Specified,Not Specified,Not Specified
496,Android Developer,"AppLab Systems, Inc",Cary,"['XML', 'JUnit', 'Java', 'JSON', 'Kotlin', 'JavaScript']",via LinkedIn,29 days ago,Not Specified,Not Specified,Not Specified
497,"Senior Mobile Developer - Raleigh, NC",Info-Ways,Raleigh,"['HTML5', 'CSS3', 'Java', 'JavaScript']",via Glassdoor,8 days ago,Not Specified,Not Specified,Not Specified
498,Developer,TheeDigital, Anywhere ,"['Responsive Design', 'jQuery', 'XML', 'HTML5', 'CSS3', 'APIs', 'PHP', 'JSON', 'RESTful APIs', 'JavaScript']",via Talent.com,6 days ago,Not Specified,Not Specified,Not Specified
499,Senior Mobile Developer,Piper Companies,Raleigh,['GraphQL'],"via Raleigh, NC - Geebo",4 days ago,Not Specified,Not Specified,Not Specified
500,Android Lead,EROS Technologies Inc.,Raleigh,"['Jira', 'APIs', 'JSON']",via ZipRecruiter,1 day ago,Not Specified,Not Specified,Not Specified
501,Developer,Wise Skulls,Raleigh,['n/a'],via LinkedIn,21 days ago,Not Specified,Not Specified,Not Specified
502,Android Developer,SPECTRAFORCE TECHNOLOGIES Inc.,Durham,['Kotlin'],via Salary.com,Not Specified,Full–time,Not Specified,Not Specified
503,Developer,Tata Consultancy Services,Raleigh,"['Tableau', 'SQL']",via LinkedIn,11 days ago,Not Specified,Not Specified,Not Specified
504,DocuSign CLM Developer (Principal Application Developer),Red Hat Software, Anywhere ,"['Jira', 'APIs']",via ZipRecruiter,2 days ago,Not Specified,Not Specified,Not Specified
505,Android Developer,Snapx,Durham,"['API', 'Jenkins', 'APIs', 'Java', 'Kotlin']",via Jobrapido.com,Not Specified,Full–time,Not Specified,Not Specified
506,Need Coolgen/ CaGen Developer,360 IT Professionals,Raleigh,['n/a'],via ZipRecruiter,6 days ago,Not Specified,Not Specified,Not Specified
507,Android Mobile Application Developer,pathwayRP,Durham,['n/a'],via ZipRecruiter,5 days ago,Not Specified,Not Specified,Not Specified
508,Developer,Tata Consultancy Services,Cary,['Azure'],via LinkedIn,5 days ago,Not Specified,Not Specified,Not Specified
509,"Software Engineer III, Mobile (Android), Google Workspace",Google,Raleigh,['Natural Language Processing'],via LinkedIn,5 days ago,Not Specified,Not Specified,Not Specified
510,"Senior Mobile Engineer, Startup",Recruiting from Scratch,Durham,"['API', 'XML', 'Encryption', 'Jira', 'APIs', 'Java', 'JSON', 'Kotlin', 'AWS']",via LinkedIn,Not Specified,Full–time,Not Specified,Not Specified
511,Developer,Tata Consultancy Services,Cary,"['APIs', 'Java', 'Node.js', 'RESTful APIs', 'JavaScript']",via LinkedIn,10 days ago,Not Specified,Not Specified,Not Specified
512,Developer,Tata Consultancy Services,Cary,"['NoSQL', 'API', 'Splunk', 'SQL', 'MongoDB', 'Java']",via LinkedIn,18 days ago,Not Specified,Not Specified,Not Specified
513,Android Developer,Itechvalue Inc,Portland,['n/a'],via ZipRecruiter,4 days ago,Not Specified,Not Specified,Not Specified
514,MTS1-Android Software Engineer,eBay,Portland,"['Jira', 'JUnit', 'Java', 'Kotlin']",via EBay Jobs - EBay Inc.,5 days ago,Not Specified,Not Specified,Not Specified
515,Senior - Senior Staff Android Engineer,Recruiting from Scratch,Portland,['Kotlin'],via LinkedIn,Not Specified,Full–time,Not Specified,Not Specified
516,"Senior Software Engineer - Android (innovation) (Portland, OR)",CEDENT,Portland,['APIs'],via ZipRecruiter,2 days ago,Not Specified,Not Specified,Not Specified
517,"Android Developer-CrowdTorch- Portland, Oregon",CrowdTorch,Portland,"['XML', 'HTML5', 'APIs', 'Java', 'RESTful APIs']",via EDMJobs,Not Specified,Full–time,Not Specified,Not Specified
518,Senior Android Developer,Grid Dynamics,Portland,"['APIs', 'Java', 'Kotlin', 'RESTful APIs']","via Portland, OR - Geebo",4 days ago,Not Specified,Not Specified,Not Specified
519,Android Software Engineer,eBay,Portland,['n/a'],via JobzMall,Not Specified,Not Specified,"$72,425–$1,14,927 a year",Not Specified
520,Mobile Developer,TechStar Group,Portland,['APIs'],via ZipRecruiter,4 days ago,Not Specified,Not Specified,Not Specified
521,"Mobile Software Development Engineer - Android at Dexcom in Portland, OR",Dexcom,Portland,"['APIs', 'Kotlin']",via Geebo,5 days ago,Not Specified,Not Specified,Not Specified
522,Lead Mobile Developer,Laiba Technologies,Portland,"['APIs', 'Java', 'Kotlin', 'RESTful APIs']",via Indeed,Not Specified,Not Specified,Not Specified,$70–$75 an hour
523,Sr. Android Engineer,"Redolent, Inc",Portland,"['APIs', 'Java']",via Salary.com,16 days ago,Not Specified,Not Specified,Not Specified
524,Hybrid Mobile Developer,Randstad,Portland,"['Cucumber', 'API', 'SQLite', 'Jenkins', 'Angular', 'Java', 'Docker', 'TypeScript', 'JavaScript']",via SmartRecruiters Job Search,Not Specified,Not Specified,Not Specified,Contractor
525,Mobile Developer,Jaguar Land Rover,Portland,['n/a'],"via Portland, OR - Geebo",3 days ago,Not Specified,Not Specified,Not Specified
526,IS Mobile Developer II,CareOregon, Anywhere ,"['API', 'React', 'GraphQL', 'SQL Server', 'Angular', 'SQL', 'TypeScript', 'JavaScript']",via ZipRecruiter,Not Specified,Work from home,Not Specified,Not Specified
527,"Software Engineer, Android - Slack​/Levels",Salesforce,Portland,"['API', 'Java', 'Kotlin']",via Learn4Good,Not Specified,Not Specified,$1.5L–$2L a year,Not Specified
528,Android Engineer,eBay,Portland,"['Java', 'Kotlin']",via JobzMall,Not Specified,Not Specified,$90T–$1.3L a year,Not Specified
529,Senior Frontend/App Developer (React Native/Remote),The Dyrt, Anywhere ,"['API', 'Jenkins', 'React', 'Next.js', 'Ruby', 'Elasticsearch', 'PostgreSQL', 'Jira', 'Ruby on Rails', 'Sentry', 'Java', 'JSON', 'Kotlin', 'JavaScript']",via ZipRecruiter,4 days ago,Not Specified,Not Specified,Not Specified
530,Mobile SDK Engineer,Rave,Portland,['Go'],via Smart Recruiters Jobs,Not Specified,Full–time,Not Specified,Not Specified
531,"Senior Mobile Engineer, Startup",Recruiting From Scratch,Portland,"['API', 'XML', 'Encryption', 'Jira', 'APIs', 'Java', 'JSON', 'Kotlin', 'AWS']",via Glassdoor,9 days ago,Not Specified,Not Specified,Not Specified
532,Hybrid Mobile Developer,Open Systems Technologies,Portland,"['Angular', 'TypeScript', 'JavaScript']",via WhatJobs,6 days ago,Not Specified,Not Specified,Not Specified
533,Sr Software Engineer,The Walt Disney Company,Portland,"['Java', 'Kotlin']","via Portland, OR - Geebo",4 days ago,Not Specified,Not Specified,Not Specified
534,iOS Developer - Remote,Careerbuilder, Anywhere ,"['Jenkins', 'Jira', 'APIs', 'SQL', 'RESTful APIs']",via Jooble,4 days ago,Not Specified,Not Specified,Not Specified
535,Security Software Engineer,Canonical - Jobs,Portland,"['Python', 'Ruby', 'Go', 'APIs', 'PHP', 'Rust', 'Java']",via ZipRecruiter,Not Specified,Full–time,Not Specified,Not Specified
536,Android Engineer,Finix,Vancouver,"['API', 'Jenkins', 'APIs', 'Java', 'Kotlin']",via Salary.com,2 days ago,Not Specified,Not Specified,Not Specified
537,Android Engineer,Match Group,Vancouver,"['React', 'APIs', 'Java', 'Kotlin']",via Salary.com,10 days ago,Not Specified,Not Specified,Not Specified
538,Android Developer (Java & Kotlin),MindPal,San Diego,"['Java', 'Kotlin']",via LinkedIn,Not Specified,Full–time,Not Specified,Not Specified
539,Android Software Developer,Drive Current,San Diego,"['API', 'Appium', 'JUnit', 'WebDriver', 'Java']",via ZipRecruiter,2 days ago,Not Specified,Not Specified,Not Specified
540,Embedded Android Developer,Extend Information Systems Inc.,San Diego,['Java'],via LinkedIn,21 days ago,Not Specified,Not Specified,Not Specified
541,Android Framework Engineer,EITACIES Inc.,San Diego,['Java'],via LinkedIn,Not Specified,Full–time,Not Specified,Not Specified
542,"Sr. Android Engineer, Driver Framework",Platform Science,San Diego,"['SQLite', 'Python', 'Jenkins', 'APIs', 'PHP', 'Java', 'Kotlin', 'Node.js', 'AWS']",via Greenhouse,3 days ago,Not Specified,Not Specified,Not Specified
543,Android Developer,Mindlance,San Diego,"['Jenkins', 'GitHub Actions', 'Jira', 'Java', 'Kotlin']",via Dice,Not Specified,Not Specified,Not Specified,$60–$65 an hour
544,Android Developer,SysIntelli,San Diego,"['XML', 'Java']",via Glassdoor,27 days ago,Not Specified,Not Specified,Not Specified
545,Android Software Engineer,AditiStaffing,San Diego,['n/a'],via ZipRecruiter,5 days ago,Not Specified,Not Specified,Not Specified
546,"Android Developer at Seamgen in San Diego, CA",Seamgen,San Diego,"['XML', 'Java', 'JSON']","via San Diego, CA - Geebo",2 days ago,Not Specified,Not Specified,Not Specified
547,"Android Developer in San Diego, CA",Latitude,San Diego,"['Jenkins', 'Java']",via Indeed,Not Specified,Temp work,Not Specified,Not Specified
548,Senior Software Engineer - Android,Intuit,San Diego,['n/a'],via Intuit Careers,Not Specified,Full–time,Not Specified,Not Specified
549,Mid Level Android Developer,Jobsbridge,San Diego,"['APIs', 'Java']",via ZipRecruiter,Not Specified,Full–time,Not Specified,Not Specified
550,Xamarin (iOS/Android) Developer,Magaya Corporation,San Diego,"['Azure', 'Go', 'APIs', 'GraphQL', 'SQL Server', 'SQL', 'MongoDB', 'Node.js']",via LinkedIn,Not Specified,Full–time,Not Specified,Not Specified
551,"Android Developer at Day & Zimmermann in San Diego, CA",Day & Zimmermann,San Diego,"['API', 'Java', 'Kotlin']","via San Diego, CA - Geebo",5 days ago,Not Specified,Not Specified,Not Specified
552,Sr. Lead Android Developer,N-Able Now Solutions,San Diego,"['IPv6', 'Less']",via Indeed,Not Specified,Full–time,Not Specified,Not Specified
553,Android Apps developer,system canada technologies,San Diego,['Java'],via ZipRecruiter,2 days ago,Not Specified,Not Specified,Not Specified
554,Android Developer,Logic Soft Inc,San Diego,"['Java', 'Kotlin', 'AWS']",via MightyRecruiter,Not Specified,Not Specified,Not Specified,Contractor
555,Senior Android Developer,UNIFUN INC,San Diego,['n/a'],via Indeed,Not Specified,Not Specified,Not Specified,$18–$25 an hour
556,Senior - Senior Staff Android Engineer,Recruiting from Scratch,San Diego,['Kotlin'],via LinkedIn,Not Specified,Full–time,Not Specified,Not Specified
557,Android Developer,Sayva Solutions,San Diego,"['MySQL', 'SQL Server', 'SQL', 'Java', 'Kotlin']","via San Diego, CA - Geebo",3 days ago,Not Specified,Not Specified,Not Specified
558,Mobile App Developer,Comentum Corp,San Diego,"['Selenium', 'SQLite', 'XML', 'Encryption', 'Java', 'Node.js']",via Glassdoor,25 days ago,Not Specified,Not Specified,Not Specified
559,"Android Developer, Intern",102 ResMed Digital Health Inc., Anywhere ,"['Python', 'Excel', 'Kotlin']",via Workday,28 days ago,Not Specified,Not Specified,Not Specified
560,"Android Developer, Intern",ResMed Inc,San Diego,"['Python', 'Excel', 'Kotlin']",via Ladders,23 days ago,Not Specified,Not Specified,Not Specified
561,Senior Android Engineer,Qualcomm,San Diego,"['API', 'Python', 'Java']",via Native Hire,Not Specified,Full–time,Not Specified,Not Specified
562,Android Developer,Integrated Associates Inc.,San Diego,['n/a'],"via San Diego, CA - Geebo",3 days ago,Not Specified,Not Specified,Not Specified
563,IOS Developer,Adidev Technologies Inc,San Diego,"['API', 'React', 'HTML5', 'APIs', 'RESTful APIs', 'JavaScript']",via ZipRecruiter,Not Specified,Not Specified,Not Specified,$30–$40 an hour
564,Android UI Developer,FootBridge Consulting,San Diego,['API'],"via San Diego, CA - Geebo",3 days ago,Not Specified,Not Specified,Not Specified
565,Sr. Android Engineer,Tandem Diabetes Care Inc., Anywhere ,['Kotlin'],via Glassdoor,28 days ago,Not Specified,Not Specified,Not Specified
566,Embedded Software Engineer- Android Set Top Box development,ACIONYX INC, Anywhere ,"['API', 'Jira', 'Java']",via ZipRecruiter,Not Specified,Work from home,Not Specified,Not Specified
567,"Android Developer at Tata Consultancy Services in San Diego, CA",Tata Consultancy Services,San Diego,['Java'],"via San Diego, CA - Geebo",5 days ago,Not Specified,Not Specified,Not Specified
568,Senior Software Engineer - Android,Intuit,San Diego,['Kotlin'],via The Muse,Not Specified,Full–time,Not Specified,Not Specified
569,Mobile Application/Software Developer,PSYONIC,San Diego,"['Responsive Design', 'Jenkins', 'React', 'Redux', 'CircleCI', 'APIs', 'GraphQL', 'Java', 'Kotlin', 'RESTful APIs', 'JavaScript']",via LinkedIn,25 days ago,Not Specified,Not Specified,Not Specified
570,"Senior Android Developer at Epsilon Systems Solutions in San Diego, CA",Epsilon Systems Solutions,San Diego,"['Excel', 'Java']","via San Diego, CA - Geebo",2 days ago,Not Specified,Not Specified,Not Specified
571,Flutter Developer (IOS Developer),TEKsystems,San Diego,"['Jenkins', 'GitHub Actions', 'Jira']",via Lensa,16 days ago,Not Specified,Not Specified,Not Specified
572,"Software Engineer (C++, Java, Web, Android, iOS)","FaceTec, Inc.",San Diego,"['Machine Learning', 'R', 'Azure', 'Java', 'AWS', 'TypeScript']",via ZipRecruiter,Not Specified,Not Specified,$7T–$9T a month,Not Specified
573,Mobile Software Engineer,ClockShark,San Diego,['Java'],via LinkedIn,Not Specified,Full–time,Not Specified,Not Specified
574,Android Developer at Cannon Search Partners in Remote,Cannon Search Partners,San Diego,"['Java', 'Kotlin']",via San Diego CA Geebo.com Free Classifieds Ads - Geebo,6 days ago,Not Specified,Not Specified,Not Specified
575,Senior Java/J2EE Developer,"Embtel, INC.", Anywhere ,"['JUnit', 'SQL', 'MongoDB', 'Spring Boot', 'Java']",via ZipRecruiter,Not Specified,Work from home,Not Specified,Not Specified
576,Android Developer,"Sysintelli, Inc.",San Diego,['n/a'],"via San Diego, CA - Geebo",3 days ago,Not Specified,Not Specified,Not Specified
577,Android Application Software Engineer,Apple,San Diego,"['APIs', 'Java']","via San Diego, CA - Geebo",4 days ago,Not Specified,Not Specified,Not Specified
